Title1,Title2
Arches NP,"Bookmark this report: https://irma.nps.gov/Stats/SSRSReports/Park Specific Reports/Summary of Visitor Use By Month and Year (1979 - Last Calendar Year)?RptYears=2014,2013,2012,2011,2010,2009,2008,2007,2006,2005,2004,2003,2002,2001,2000,1999,1998,1997,1996,1995,1994,1993,1992,1991,1990,1989,1988,1987,1986,1985,1984,1983,1982,1981,1980,1979&Park=ARCH"

Year,Month,RecreationVisitors,NonRecreationVisitors,ConcessionLodging,TentCampers,RVCampers,ConcessionCamping,BackcountryCampers,MiscCampers,TotalOvernightStays,Field11,Field12,Field13,Field14,Field15,Field16,Field17,Field18,Field19,Field20,Field21,Field22,Field23,Field24,Field25,Field26,Field27,Field28,Field29
1979,January,"2,970",0,0,35,47,0,5,0,87,1979 Totals,"269,840",0,0,"18,772","17,605",0,"2,332","3,759","42,468","25,840,188",0,0,"962,394","530,683",0,"46,441","205,289","1,744,804"
1979,February,"3,135",0,0,108,120,0,29,0,257,1979 Totals,"269,840",0,0,"18,772","17,605",0,"2,332","3,759","42,468","25,840,188",0,0,"962,394","530,683",0,"46,441","205,289","1,744,804"
1979,March,"14,659",0,0,"1,143","1,115",0,254,0,"2,512",1979 Totals,"269,840",0,0,"18,772","17,605",0,"2,332","3,759","42,468","25,840,188",0,0,"962,394","530,683",0,"46,441","205,289","1,744,804"
1979,April,"31,818",0,0,"2,152","2,342",0,401,486,"5,381",1979 Totals,"269,840",0,0,"18,772","17,605",0,"2,332","3,759","42,468","25,840,188",0,0,"962,394","530,683",0,"46,441","205,289","1,744,804"
1979,May,"39,266",0,0,"2,380","3,112",0,927,"1,144","7,563",1979 Totals,"269,840",0,0,"18,772","17,605",0,"2,332","3,759","42,468","25,840,188",0,0,"962,394","530,683",0,"46,441","205,289","1,744,804"
1979,June,"43,503",0,0,"2,577","2,390",0,179,746,"5,892",1979 Totals,"269,840",0,0,"18,772","17,605",0,"2,332","3,759","42,468","25,840,188",0,0,"962,394","530,683",0,"46,441","205,289","1,744,804"
1979,July,"36,524",0,0,"2,843","2,073",0,46,605,"5,567",1979 Totals,"269,840",0,0,"18,772","17,605",0,"2,332","3,759","42,468","25,840,188",0,0,"962,394","530,683",0,"46,441","205,289","1,744,804"
1979,August,"43,309",0,0,"3,351","2,021",0,102,363,"5,837",1979 Totals,"269,840",0,0,"18,772","17,605",0,"2,332","3,759","42,468","25,840,188",0,0,"962,394","530,683",0,"46,441","205,289","1,744,804"
1979,September,"30,813",0,0,"2,291","2,201",0,141,255,"4,888",1979 Totals,"269,840",0,0,"18,772","17,605",0,"2,332","3,759","42,468","25,840,188",0,0,"962,394","530,683",0,"46,441","205,289","1,744,804"
1979,October,"15,273",0,0,"1,154","1,626",0,164,160,"3,104",1979 Totals,"269,840",0,0,"18,772","17,605",0,"2,332","3,759","42,468","25,840,188",0,0,"962,394","530,683",0,"46,441","205,289","1,744,804"
1979,November,"5,492",0,0,587,448,0,57,0,"1,092",1979 Totals,"269,840",0,0,"18,772","17,605",0,"2,332","3,759","42,468","25,840,188",0,0,"962,394","530,683",0,"46,441","205,289","1,744,804"
1979,December,"3,078",0,0,151,110,0,27,0,288,1979 Totals,"269,840",0,0,"18,772","17,605",0,"2,332","3,759","42,468","25,840,188",0,0,"962,394","530,683",0,"46,441","205,289","1,744,804"
1980,January,"3,599",0,0,132,85,0,13,0,230,1980 Totals,"290,519",0,0,"20,590","15,855",0,"1,886","4,081","42,412","25,840,188",0,0,"962,394","530,683",0,"46,441","205,289","1,744,804"
1980,February,"4,687",0,0,176,164,0,10,0,350,1980 Totals,"290,519",0,0,"20,590","15,855",0,"1,886","4,081","42,412","25,840,188",0,0,"962,394","530,683",0,"46,441","205,289","1,744,804"
1980,March,"15,915",0,0,"1,575",673,0,284,41,"2,573",1980 Totals,"290,519",0,0,"20,590","15,855",0,"1,886","4,081","42,412","25,840,188",0,0,"962,394","530,683",0,"46,441","205,289","1,744,804"
1980,April,"27,050",0,0,"2,220","1,823",0,301,264,"4,608",1980 Totals,"290,519",0,0,"20,590","15,855",0,"1,886","4,081","42,412","25,840,188",0,0,"962,394","530,683",0,"46,441","205,289","1,744,804"
1980,May,"39,099",0,0,"2,818","2,241",0,658,"1,177","6,894",1980 Totals,"290,519",0,0,"20,590","15,855",0,"1,886","4,081","42,412","25,840,188",0,0,"962,394","530,683",0,"46,441","205,289","1,744,804"
1980,June,"47,171",0,0,"2,853","1,918",0,138,895,"5,804",1980 Totals,"290,519",0,0,"20,590","15,855",0,"1,886","4,081","42,412","25,840,188",0,0,"962,394","530,683",0,"46,441","205,289","1,744,804"
1980,July,"43,685",0,0,"2,798","2,054",0,48,764,"5,664",1980 Totals,"290,519",0,0,"20,590","15,855",0,"1,886","4,081","42,412","25,840,188",0,0,"962,394","530,683",0,"46,441","205,289","1,744,804"
1980,August,"47,837",0,0,"3,570","2,188",0,78,386,"6,222",1980 Totals,"290,519",0,0,"20,590","15,855",0,"1,886","4,081","42,412","25,840,188",0,0,"962,394","530,683",0,"46,441","205,289","1,744,804"
1980,September,"31,387",0,0,"2,343","2,392",0,146,253,"5,134",1980 Totals,"290,519",0,0,"20,590","15,855",0,"1,886","4,081","42,412","25,840,188",0,0,"962,394","530,683",0,"46,441","205,289","1,744,804"
1980,October,"16,983",0,0,"1,151","1,451",0,100,276,"2,978",1980 Totals,"290,519",0,0,"20,590","15,855",0,"1,886","4,081","42,412","25,840,188",0,0,"962,394","530,683",0,"46,441","205,289","1,744,804"
1980,November,"7,481",0,0,625,534,0,67,0,"1,226",1980 Totals,"290,519",0,0,"20,590","15,855",0,"1,886","4,081","42,412","25,840,188",0,0,"962,394","530,683",0,"46,441","205,289","1,744,804"
1980,December,"5,625",0,0,329,332,0,43,25,729,1980 Totals,"290,519",0,0,"20,590","15,855",0,"1,886","4,081","42,412","25,840,188",0,0,"962,394","530,683",0,"46,441","205,289","1,744,804"
1981,January,"7,144",0,0,391,276,0,32,0,699,1981 Totals,"326,508",0,0,"24,951","14,210",0,"2,236","5,030","46,427","25,840,188",0,0,"962,394","530,683",0,"46,441","205,289","1,744,804"
1981,February,"6,275",0,0,349,196,0,51,0,596,1981 Totals,"326,508",0,0,"24,951","14,210",0,"2,236","5,030","46,427","25,840,188",0,0,"962,394","530,683",0,"46,441","205,289","1,744,804"
1981,March,"17,024",0,0,"2,081",973,0,264,85,"3,403",1981 Totals,"326,508",0,0,"24,951","14,210",0,"2,236","5,030","46,427","25,840,188",0,0,"962,394","530,683",0,"46,441","205,289","1,744,804"
1981,April,"30,543",0,0,"2,515","2,067",0,550,790,"5,922",1981 Totals,"326,508",0,0,"24,951","14,210",0,"2,236","5,030","46,427","25,840,188",0,0,"962,394","530,683",0,"46,441","205,289","1,744,804"
1981,May,"41,614",0,0,"3,304","1,773",0,639,"1,392","7,108",1981 Totals,"326,508",0,0,"24,951","14,210",0,"2,236","5,030","46,427","25,840,188",0,0,"962,394","530,683",0,"46,441","205,289","1,744,804"
1981,June,"51,670",0,0,"3,661","1,730",0,153,858,"6,402",1981 Totals,"326,508",0,0,"24,951","14,210",0,"2,236","5,030","46,427","25,840,188",0,0,"962,394","530,683",0,"46,441","205,289","1,744,804"
1981,July,"48,711",0,0,"3,591","1,463",0,125,747,"5,926",1981 Totals,"326,508",0,0,"24,951","14,210",0,"2,236","5,030","46,427","25,840,188",0,0,"962,394","530,683",0,"46,441","205,289","1,744,804"
1981,August,"52,953",0,0,"4,165","1,604",0,110,444,"6,323",1981 Totals,"326,508",0,0,"24,951","14,210",0,"2,236","5,030","46,427","25,840,188",0,0,"962,394","530,683",0,"46,441","205,289","1,744,804"
1981,September,"35,795",0,0,"2,946","1,803",0,147,374,"5,270",1981 Totals,"326,508",0,0,"24,951","14,210",0,"2,236","5,030","46,427","25,840,188",0,0,"962,394","530,683",0,"46,441","205,289","1,744,804"
1981,October,"20,656",0,0,"1,345","1,373",0,73,329,"3,120",1981 Totals,"326,508",0,0,"24,951","14,210",0,"2,236","5,030","46,427","25,840,188",0,0,"962,394","530,683",0,"46,441","205,289","1,744,804"
1981,November,"10,157",0,0,430,636,0,57,0,"1,123",1981 Totals,"326,508",0,0,"24,951","14,210",0,"2,236","5,030","46,427","25,840,188",0,0,"962,394","530,683",0,"46,441","205,289","1,744,804"
1981,December,"3,966",0,0,173,316,0,35,11,535,1981 Totals,"326,508",0,0,"24,951","14,210",0,"2,236","5,030","46,427","25,840,188",0,0,"962,394","530,683",0,"46,441","205,289","1,744,804"
1982,January,"5,531",0,0,209,180,0,24,0,413,1982 Totals,"339,415",0,0,"21,660","14,591",0,"2,542","5,081","43,874","25,840,188",0,0,"962,394","530,683",0,"46,441","205,289","1,744,804"
1982,February,"6,897",0,0,109,83,0,30,0,222,1982 Totals,"339,415",0,0,"21,660","14,591",0,"2,542","5,081","43,874","25,840,188",0,0,"962,394","530,683",0,"46,441","205,289","1,744,804"
1982,March,"19,703",0,0,"2,241",889,0,227,227,"3,584",1982 Totals,"339,415",0,0,"21,660","14,591",0,"2,542","5,081","43,874","25,840,188",0,0,"962,394","530,683",0,"46,441","205,289","1,744,804"
1982,April,"29,711",0,0,"2,536","2,051",0,643,763,"5,993",1982 Totals,"339,415",0,0,"21,660","14,591",0,"2,542","5,081","43,874","25,840,188",0,0,"962,394","530,683",0,"46,441","205,289","1,744,804"
1982,May,"43,011",0,0,"3,280","1,897",0,849,"1,805","7,831",1982 Totals,"339,415",0,0,"21,660","14,591",0,"2,542","5,081","43,874","25,840,188",0,0,"962,394","530,683",0,"46,441","205,289","1,744,804"
1982,June,"55,267",0,0,"2,904","2,482",0,287,625,"6,298",1982 Totals,"339,415",0,0,"21,660","14,591",0,"2,542","5,081","43,874","25,840,188",0,0,"962,394","530,683",0,"46,441","205,289","1,744,804"
1982,July,"53,035",0,0,"3,243","1,881",0,60,545,"5,729",1982 Totals,"339,415",0,0,"21,660","14,591",0,"2,542","5,081","43,874","25,840,188",0,0,"962,394","530,683",0,"46,441","205,289","1,744,804"
1982,August,"52,025",0,0,"3,445","1,984",0,62,492,"5,983",1982 Totals,"339,415",0,0,"21,660","14,591",0,"2,542","5,081","43,874","25,840,188",0,0,"962,394","530,683",0,"46,441","205,289","1,744,804"
1982,September,"36,934",0,0,"2,494","2,158",0,139,440,"5,231",1982 Totals,"339,415",0,0,"21,660","14,591",0,"2,542","5,081","43,874","25,840,188",0,0,"962,394","530,683",0,"46,441","205,289","1,744,804"
1982,October,"18,992",0,0,354,344,0,155,184,"1,037",1982 Totals,"339,415",0,0,"21,660","14,591",0,"2,542","5,081","43,874","25,840,188",0,0,"962,394","530,683",0,"46,441","205,289","1,744,804"
1982,November,"10,845",0,0,734,288,0,63,0,"1,085",1982 Totals,"339,415",0,0,"21,660","14,591",0,"2,542","5,081","43,874","25,840,188",0,0,"962,394","530,683",0,"46,441","205,289","1,744,804"
1982,December,"7,464",0,0,111,354,0,3,0,468,1982 Totals,"339,415",0,0,"21,660","14,591",0,"2,542","5,081","43,874","25,840,188",0,0,"962,394","530,683",0,"46,441","205,289","1,744,804"
1983,January,"4,672",0,0,74,279,0,25,0,378,1983 Totals,"287,875",0,0,"17,652","13,245",0,"1,695","3,851","36,443","25,840,188",0,0,"962,394","530,683",0,"46,441","205,289","1,744,804"
1983,February,"6,993",0,0,172,276,0,49,0,497,1983 Totals,"287,875",0,0,"17,652","13,245",0,"1,695","3,851","36,443","25,840,188",0,0,"962,394","530,683",0,"46,441","205,289","1,744,804"
1983,March,"14,734",0,0,668,533,0,110,226,"1,537",1983 Totals,"287,875",0,0,"17,652","13,245",0,"1,695","3,851","36,443","25,840,188",0,0,"962,394","530,683",0,"46,441","205,289","1,744,804"
1983,April,"20,073",0,0,618,555,0,430,368,"1,971",1983 Totals,"287,875",0,0,"17,652","13,245",0,"1,695","3,851","36,443","25,840,188",0,0,"962,394","530,683",0,"46,441","205,289","1,744,804"
1983,May,"34,040",0,0,"2,567","2,000",0,547,985,"6,099",1983 Totals,"287,875",0,0,"17,652","13,245",0,"1,695","3,851","36,443","25,840,188",0,0,"962,394","530,683",0,"46,441","205,289","1,744,804"
1983,June,"38,975",0,0,"3,125","2,288",0,135,520,"6,068",1983 Totals,"287,875",0,0,"17,652","13,245",0,"1,695","3,851","36,443","25,840,188",0,0,"962,394","530,683",0,"46,441","205,289","1,744,804"
1983,July,"50,659",0,0,"3,169","2,291",0,77,495,"6,032",1983 Totals,"287,875",0,0,"17,652","13,245",0,"1,695","3,851","36,443","25,840,188",0,0,"962,394","530,683",0,"46,441","205,289","1,744,804"
1983,August,"50,320",0,0,"3,243","1,862",0,91,435,"5,631",1983 Totals,"287,875",0,0,"17,652","13,245",0,"1,695","3,851","36,443","25,840,188",0,0,"962,394","530,683",0,"46,441","205,289","1,744,804"
1983,September,"36,578",0,0,"2,378","2,184",0,111,434,"5,107",1983 Totals,"287,875",0,0,"17,652","13,245",0,"1,695","3,851","36,443","25,840,188",0,0,"962,394","530,683",0,"46,441","205,289","1,744,804"
1983,October,"20,107",0,0,729,621,0,88,388,"1,826",1983 Totals,"287,875",0,0,"17,652","13,245",0,"1,695","3,851","36,443","25,840,188",0,0,"962,394","530,683",0,"46,441","205,289","1,744,804"
1983,November,"7,384",0,0,833,80,0,31,0,944,1983 Totals,"287,875",0,0,"17,652","13,245",0,"1,695","3,851","36,443","25,840,188",0,0,"962,394","530,683",0,"46,441","205,289","1,744,804"
1983,December,"3,340",0,0,76,276,0,1,0,353,1983 Totals,"287,875",0,0,"17,652","13,245",0,"1,695","3,851","36,443","25,840,188",0,0,"962,394","530,683",0,"46,441","205,289","1,744,804"
1984,January,"4,021",0,0,63,142,0,6,0,211,1984 Totals,"345,180",0,0,"17,171","11,959",0,"1,425","3,609","34,164","25,840,188",0,0,"962,394","530,683",0,"46,441","205,289","1,744,804"
1984,February,"4,601",0,0,70,168,0,12,0,250,1984 Totals,"345,180",0,0,"17,171","11,959",0,"1,425","3,609","34,164","25,840,188",0,0,"962,394","530,683",0,"46,441","205,289","1,744,804"
1984,March,"16,732",0,0,489,415,0,205,0,"1,109",1984 Totals,"345,180",0,0,"17,171","11,959",0,"1,425","3,609","34,164","25,840,188",0,0,"962,394","530,683",0,"46,441","205,289","1,744,804"
1984,April,"30,806",0,0,501,396,0,256,421,"1,574",1984 Totals,"345,180",0,0,"17,171","11,959",0,"1,425","3,609","34,164","25,840,188",0,0,"962,394","530,683",0,"46,441","205,289","1,744,804"
1984,May,"44,454",0,0,"2,424","1,466",0,434,916,"5,240",1984 Totals,"345,180",0,0,"17,171","11,959",0,"1,425","3,609","34,164","25,840,188",0,0,"962,394","530,683",0,"46,441","205,289","1,744,804"
1984,June,"58,744",0,0,"3,166","2,230",0,114,890,"6,400",1984 Totals,"345,180",0,0,"17,171","11,959",0,"1,425","3,609","34,164","25,840,188",0,0,"962,394","530,683",0,"46,441","205,289","1,744,804"
1984,July,"55,728",0,0,"3,068","1,537",0,77,441,"5,123",1984 Totals,"345,180",0,0,"17,171","11,959",0,"1,425","3,609","34,164","25,840,188",0,0,"962,394","530,683",0,"46,441","205,289","1,744,804"
1984,August,"57,412",0,0,"3,275","1,715",0,95,363,"5,448",1984 Totals,"345,180",0,0,"17,171","11,959",0,"1,425","3,609","34,164","25,840,188",0,0,"962,394","530,683",0,"46,441","205,289","1,744,804"
1984,September,"42,668",0,0,"2,185","2,532",0,106,272,"5,095",1984 Totals,"345,180",0,0,"17,171","11,959",0,"1,425","3,609","34,164","25,840,188",0,0,"962,394","530,683",0,"46,441","205,289","1,744,804"
1984,October,"18,121",0,0,"1,079",944,0,98,276,"2,397",1984 Totals,"345,180",0,0,"17,171","11,959",0,"1,425","3,609","34,164","25,840,188",0,0,"962,394","530,683",0,"46,441","205,289","1,744,804"
1984,November,"7,059",0,0,641,276,0,21,0,938,1984 Totals,"345,180",0,0,"17,171","11,959",0,"1,425","3,609","34,164","25,840,188",0,0,"962,394","530,683",0,"46,441","205,289","1,744,804"
1984,December,"4,834",0,0,210,138,0,1,30,379,1984 Totals,"345,180",0,0,"17,171","11,959",0,"1,425","3,609","34,164","25,840,188",0,0,"962,394","530,683",0,"46,441","205,289","1,744,804"
1985,January,"4,727",0,0,200,140,0,8,24,372,1985 Totals,"363,464",0,0,"22,258","14,049",0,"1,596","3,884","41,787","25,840,188",0,0,"962,394","530,683",0,"46,441","205,289","1,744,804"
1985,February,"4,944",0,0,193,151,0,51,18,413,1985 Totals,"363,464",0,0,"22,258","14,049",0,"1,596","3,884","41,787","25,840,188",0,0,"962,394","530,683",0,"46,441","205,289","1,744,804"
1985,March,"18,033",0,0,650,327,0,195,516,"1,688",1985 Totals,"363,464",0,0,"22,258","14,049",0,"1,596","3,884","41,787","25,840,188",0,0,"962,394","530,683",0,"46,441","205,289","1,744,804"
1985,April,"36,032",0,0,"2,980","2,197",0,460,631,"6,268",1985 Totals,"363,464",0,0,"22,258","14,049",0,"1,596","3,884","41,787","25,840,188",0,0,"962,394","530,683",0,"46,441","205,289","1,744,804"
1985,May,"50,174",0,0,"3,298","1,959",0,324,576,"6,157",1985 Totals,"363,464",0,0,"22,258","14,049",0,"1,596","3,884","41,787","25,840,188",0,0,"962,394","530,683",0,"46,441","205,289","1,744,804"
1985,June,"56,588",0,0,"3,478","1,819",0,138,812,"6,247",1985 Totals,"363,464",0,0,"22,258","14,049",0,"1,596","3,884","41,787","25,840,188",0,0,"962,394","530,683",0,"46,441","205,289","1,744,804"
1985,July,"54,484",0,0,"3,383","1,521",0,39,539,"5,482",1985 Totals,"363,464",0,0,"22,258","14,049",0,"1,596","3,884","41,787","25,840,188",0,0,"962,394","530,683",0,"46,441","205,289","1,744,804"
1985,August,"61,538",0,0,"3,706","1,931",0,54,319,"6,010",1985 Totals,"363,464",0,0,"22,258","14,049",0,"1,596","3,884","41,787","25,840,188",0,0,"962,394","530,683",0,"46,441","205,289","1,744,804"
1985,September,"44,554",0,0,"2,451","2,221",0,142,249,"5,063",1985 Totals,"363,464",0,0,"22,258","14,049",0,"1,596","3,884","41,787","25,840,188",0,0,"962,394","530,683",0,"46,441","205,289","1,744,804"
1985,October,"21,037",0,0,"1,473","1,012",0,161,200,"2,846",1985 Totals,"363,464",0,0,"22,258","14,049",0,"1,596","3,884","41,787","25,840,188",0,0,"962,394","530,683",0,"46,441","205,289","1,744,804"
1985,November,"6,217",0,0,240,641,0,23,0,904,1985 Totals,"363,464",0,0,"22,258","14,049",0,"1,596","3,884","41,787","25,840,188",0,0,"962,394","530,683",0,"46,441","205,289","1,744,804"
1985,December,"5,136",0,0,206,130,0,1,0,337,1985 Totals,"363,464",0,0,"22,258","14,049",0,"1,596","3,884","41,787","25,840,188",0,0,"962,394","530,683",0,"46,441","205,289","1,744,804"
1986,January,"7,070",0,0,200,185,0,31,0,416,1986 Totals,"419,444",0,0,"24,227","16,438",0,"1,906","4,506","47,077","25,840,188",0,0,"962,394","530,683",0,"46,441","205,289","1,744,804"
1986,February,"6,762",0,0,224,187,0,26,0,437,1986 Totals,"419,444",0,0,"24,227","16,438",0,"1,906","4,506","47,077","25,840,188",0,0,"962,394","530,683",0,"46,441","205,289","1,744,804"
1986,March,"33,700",0,0,"3,040","2,251",0,588,441,"6,320",1986 Totals,"419,444",0,0,"24,227","16,438",0,"1,906","4,506","47,077","25,840,188",0,0,"962,394","530,683",0,"46,441","205,289","1,744,804"
1986,April,"36,042",0,0,"2,807","1,841",0,351,515,"5,514",1986 Totals,"419,444",0,0,"24,227","16,438",0,"1,906","4,506","47,077","25,840,188",0,0,"962,394","530,683",0,"46,441","205,289","1,744,804"
1986,May,"53,931",0,0,"3,057","2,000",0,365,"1,406","6,828",1986 Totals,"419,444",0,0,"24,227","16,438",0,"1,906","4,506","47,077","25,840,188",0,0,"962,394","530,683",0,"46,441","205,289","1,744,804"
1986,June,"62,158",0,0,"3,080","2,071",0,88,587,"5,826",1986 Totals,"419,444",0,0,"24,227","16,438",0,"1,906","4,506","47,077","25,840,188",0,0,"962,394","530,683",0,"46,441","205,289","1,744,804"
1986,July,"63,528",0,0,"3,556","1,645",0,58,603,"5,862",1986 Totals,"419,444",0,0,"24,227","16,438",0,"1,906","4,506","47,077","25,840,188",0,0,"962,394","530,683",0,"46,441","205,289","1,744,804"
1986,August,"68,397",0,0,"3,842","1,803",0,83,480,"6,208",1986 Totals,"419,444",0,0,"24,227","16,438",0,"1,906","4,506","47,077","25,840,188",0,0,"962,394","530,683",0,"46,441","205,289","1,744,804"
1986,September,"49,456",0,0,"2,410","2,198",0,163,225,"4,996",1986 Totals,"419,444",0,0,"24,227","16,438",0,"1,906","4,506","47,077","25,840,188",0,0,"962,394","530,683",0,"46,441","205,289","1,744,804"
1986,October,"23,414",0,0,"1,514","1,223",0,95,174,"3,006",1986 Totals,"419,444",0,0,"24,227","16,438",0,"1,906","4,506","47,077","25,840,188",0,0,"962,394","530,683",0,"46,441","205,289","1,744,804"
1986,November,"8,425",0,0,257,623,0,44,75,999,1986 Totals,"419,444",0,0,"24,227","16,438",0,"1,906","4,506","47,077","25,840,188",0,0,"962,394","530,683",0,"46,441","205,289","1,744,804"
1986,December,"6,561",0,0,240,411,0,14,0,665,1986 Totals,"419,444",0,0,"24,227","16,438",0,"1,906","4,506","47,077","25,840,188",0,0,"962,394","530,683",0,"46,441","205,289","1,744,804"
1987,January,"6,015",0,0,222,196,0,0,0,418,1987 Totals,"468,916",0,0,"24,469","17,627",0,"2,137","6,477","50,710","25,840,188",0,0,"962,394","530,683",0,"46,441","205,289","1,744,804"
1987,February,"6,957",0,0,260,201,0,7,76,544,1987 Totals,"468,916",0,0,"24,469","17,627",0,"2,137","6,477","50,710","25,840,188",0,0,"962,394","530,683",0,"46,441","205,289","1,744,804"
1987,March,"22,167",0,0,"2,029","1,745",0,280,404,"4,458",1987 Totals,"468,916",0,0,"24,469","17,627",0,"2,137","6,477","50,710","25,840,188",0,0,"962,394","530,683",0,"46,441","205,289","1,744,804"
1987,April,"43,965",0,0,"3,441","1,800",0,561,890,"6,692",1987 Totals,"468,916",0,0,"24,469","17,627",0,"2,137","6,477","50,710","25,840,188",0,0,"962,394","530,683",0,"46,441","205,289","1,744,804"
1987,May,"63,510",0,0,"3,301","1,700",0,467,"1,337","6,805",1987 Totals,"468,916",0,0,"24,469","17,627",0,"2,137","6,477","50,710","25,840,188",0,0,"962,394","530,683",0,"46,441","205,289","1,744,804"
1987,June,"69,019",0,0,"3,627","1,724",0,139,"1,118","6,608",1987 Totals,"468,916",0,0,"24,469","17,627",0,"2,137","6,477","50,710","25,840,188",0,0,"962,394","530,683",0,"46,441","205,289","1,744,804"
1987,July,"71,987",0,0,"3,506","1,539",0,103,797,"5,945",1987 Totals,"468,916",0,0,"24,469","17,627",0,"2,137","6,477","50,710","25,840,188",0,0,"962,394","530,683",0,"46,441","205,289","1,744,804"
1987,August,"80,492",0,0,"3,602","1,613",0,145,659,"6,019",1987 Totals,"468,916",0,0,"24,469","17,627",0,"2,137","6,477","50,710","25,840,188",0,0,"962,394","530,683",0,"46,441","205,289","1,744,804"
1987,September,"60,969",0,0,"2,327","2,727",0,204,400,"5,658",1987 Totals,"468,916",0,0,"24,469","17,627",0,"2,137","6,477","50,710","25,840,188",0,0,"962,394","530,683",0,"46,441","205,289","1,744,804"
1987,October,"28,961",0,0,"1,500","3,527",0,179,612,"5,818",1987 Totals,"468,916",0,0,"24,469","17,627",0,"2,137","6,477","50,710","25,840,188",0,0,"962,394","530,683",0,"46,441","205,289","1,744,804"
1987,November,"9,904",0,0,427,530,0,32,184,"1,173",1987 Totals,"468,916",0,0,"24,469","17,627",0,"2,137","6,477","50,710","25,840,188",0,0,"962,394","530,683",0,"46,441","205,289","1,744,804"
1987,December,"4,970",0,0,227,325,0,20,0,572,1987 Totals,"468,916",0,0,"24,469","17,627",0,"2,137","6,477","50,710","25,840,188",0,0,"962,394","530,683",0,"46,441","205,289","1,744,804"
1988,January,"4,145",0,0,142,124,0,98,0,364,1988 Totals,"520,455",0,0,"25,046","19,751",0,"1,818","7,591","54,206","25,840,188",0,0,"962,394","530,683",0,"46,441","205,289","1,744,804"
1988,February,"6,674",0,0,236,235,0,3,30,504,1988 Totals,"520,455",0,0,"25,046","19,751",0,"1,818","7,591","54,206","25,840,188",0,0,"962,394","530,683",0,"46,441","205,289","1,744,804"
1988,March,"31,382",0,0,"2,559","1,805",0,260,395,"5,019",1988 Totals,"520,455",0,0,"25,046","19,751",0,"1,818","7,591","54,206","25,840,188",0,0,"962,394","530,683",0,"46,441","205,289","1,744,804"
1988,April,"45,863",0,0,"2,529","2,494",0,316,975,"6,314",1988 Totals,"520,455",0,0,"25,046","19,751",0,"1,818","7,591","54,206","25,840,188",0,0,"962,394","530,683",0,"46,441","205,289","1,744,804"
1988,May,"68,712",0,0,"3,131","2,430",0,368,"1,747","7,676",1988 Totals,"520,455",0,0,"25,046","19,751",0,"1,818","7,591","54,206","25,840,188",0,0,"962,394","530,683",0,"46,441","205,289","1,744,804"
1988,June,"79,183",0,0,"3,288","2,229",0,93,"1,231","6,841",1988 Totals,"520,455",0,0,"25,046","19,751",0,"1,818","7,591","54,206","25,840,188",0,0,"962,394","530,683",0,"46,441","205,289","1,744,804"
1988,July,"77,160",0,0,"4,020","2,269",0,97,872,"7,258",1988 Totals,"520,455",0,0,"25,046","19,751",0,"1,818","7,591","54,206","25,840,188",0,0,"962,394","530,683",0,"46,441","205,289","1,744,804"
1988,August,"80,219",0,0,"3,842","2,202",0,153,759,"6,956",1988 Totals,"520,455",0,0,"25,046","19,751",0,"1,818","7,591","54,206","25,840,188",0,0,"962,394","530,683",0,"46,441","205,289","1,744,804"
1988,September,"75,694",0,0,"2,574","2,847",0,176,738,"6,335",1988 Totals,"520,455",0,0,"25,046","19,751",0,"1,818","7,591","54,206","25,840,188",0,0,"962,394","530,683",0,"46,441","205,289","1,744,804"
1988,October,"34,808",0,0,"2,048","2,213",0,170,563,"4,994",1988 Totals,"520,455",0,0,"25,046","19,751",0,"1,818","7,591","54,206","25,840,188",0,0,"962,394","530,683",0,"46,441","205,289","1,744,804"
1988,November,"11,253",0,0,438,555,0,45,203,"1,241",1988 Totals,"520,455",0,0,"25,046","19,751",0,"1,818","7,591","54,206","25,840,188",0,0,"962,394","530,683",0,"46,441","205,289","1,744,804"
1988,December,"5,362",0,0,239,348,0,39,78,704,1988 Totals,"520,455",0,0,"25,046","19,751",0,"1,818","7,591","54,206","25,840,188",0,0,"962,394","530,683",0,"46,441","205,289","1,744,804"
1989,January,"4,687",0,0,157,139,0,7,0,303,1989 Totals,"555,809",0,0,"27,072","15,017",0,"2,297","7,739","52,125","25,840,188",0,0,"962,394","530,683",0,"46,441","205,289","1,744,804"
1989,February,"5,683",0,0,196,191,0,16,40,443,1989 Totals,"555,809",0,0,"27,072","15,017",0,"2,297","7,739","52,125","25,840,188",0,0,"962,394","530,683",0,"46,441","205,289","1,744,804"
1989,March,"41,135",0,0,"1,136",499,0,531,275,"2,441",1989 Totals,"555,809",0,0,"27,072","15,017",0,"2,297","7,739","52,125","25,840,188",0,0,"962,394","530,683",0,"46,441","205,289","1,744,804"
1989,April,"51,807",0,0,"3,529","2,342",0,531,"1,142","7,544",1989 Totals,"555,809",0,0,"27,072","15,017",0,"2,297","7,739","52,125","25,840,188",0,0,"962,394","530,683",0,"46,441","205,289","1,744,804"
1989,May,"75,599",0,0,"4,019","2,003",0,406,"1,661","8,089",1989 Totals,"555,809",0,0,"27,072","15,017",0,"2,297","7,739","52,125","25,840,188",0,0,"962,394","530,683",0,"46,441","205,289","1,744,804"
1989,June,"80,321",0,0,"3,535","1,855",0,150,"1,344","6,884",1989 Totals,"555,809",0,0,"27,072","15,017",0,"2,297","7,739","52,125","25,840,188",0,0,"962,394","530,683",0,"46,441","205,289","1,744,804"
1989,July,"78,010",0,0,"5,774","1,211",0,133,966,"8,084",1989 Totals,"555,809",0,0,"27,072","15,017",0,"2,297","7,739","52,125","25,840,188",0,0,"962,394","530,683",0,"46,441","205,289","1,744,804"
1989,August,"88,731",0,0,"3,496","1,433",0,193,744,"5,866",1989 Totals,"555,809",0,0,"27,072","15,017",0,"2,297","7,739","52,125","25,840,188",0,0,"962,394","530,683",0,"46,441","205,289","1,744,804"
1989,September,"69,361",0,0,"2,289","1,983",0,137,515,"4,924",1989 Totals,"555,809",0,0,"27,072","15,017",0,"2,297","7,739","52,125","25,840,188",0,0,"962,394","530,683",0,"46,441","205,289","1,744,804"
1989,October,"37,592",0,0,"2,212","2,390",0,132,599,"5,333",1989 Totals,"555,809",0,0,"27,072","15,017",0,"2,297","7,739","52,125","25,840,188",0,0,"962,394","530,683",0,"46,441","205,289","1,744,804"
1989,November,"15,113",0,0,473,599,0,59,219,"1,350",1989 Totals,"555,809",0,0,"27,072","15,017",0,"2,297","7,739","52,125","25,840,188",0,0,"962,394","530,683",0,"46,441","205,289","1,744,804"
1989,December,"7,770",0,0,256,372,0,2,234,864,1989 Totals,"555,809",0,0,"27,072","15,017",0,"2,297","7,739","52,125","25,840,188",0,0,"962,394","530,683",0,"46,441","205,289","1,744,804"
1990,January,"6,440",0,0,204,180,0,11,85,480,1990 Totals,"620,719",0,0,"31,632","16,870",0,"2,228","7,707","58,437","25,840,188",0,0,"962,394","530,683",0,"46,441","205,289","1,744,804"
1990,February,"8,444",0,0,294,286,0,26,88,694,1990 Totals,"620,719",0,0,"31,632","16,870",0,"2,228","7,707","58,437","25,840,188",0,0,"962,394","530,683",0,"46,441","205,289","1,744,804"
1990,March,"42,372",0,0,"3,960","1,238",0,498,594,"6,290",1990 Totals,"620,719",0,0,"31,632","16,870",0,"2,228","7,707","58,437","25,840,188",0,0,"962,394","530,683",0,"46,441","205,289","1,744,804"
1990,April,"71,479",0,0,"4,588","3,045",0,498,982,"9,113",1990 Totals,"620,719",0,0,"31,632","16,870",0,"2,228","7,707","58,437","25,840,188",0,0,"962,394","530,683",0,"46,441","205,289","1,744,804"
1990,May,"84,912",0,0,"3,266","1,937",0,314,"1,560","7,077",1990 Totals,"620,719",0,0,"31,632","16,870",0,"2,228","7,707","58,437","25,840,188",0,0,"962,394","530,683",0,"46,441","205,289","1,744,804"
1990,June,"90,154",0,0,"3,889","1,403",0,181,"1,051","6,524",1990 Totals,"620,719",0,0,"31,632","16,870",0,"2,228","7,707","58,437","25,840,188",0,0,"962,394","530,683",0,"46,441","205,289","1,744,804"
1990,July,"84,017",0,0,"4,712","2,191",0,99,810,"7,812",1990 Totals,"620,719",0,0,"31,632","16,870",0,"2,228","7,707","58,437","25,840,188",0,0,"962,394","530,683",0,"46,441","205,289","1,744,804"
1990,August,"97,265",0,0,"4,101","1,686",0,150,"1,014","6,951",1990 Totals,"620,719",0,0,"31,632","16,870",0,"2,228","7,707","58,437","25,840,188",0,0,"962,394","530,683",0,"46,441","205,289","1,744,804"
1990,September,"72,310",0,0,"3,634","1,490",0,177,677,"5,978",1990 Totals,"620,719",0,0,"31,632","16,870",0,"2,228","7,707","58,437","25,840,188",0,0,"962,394","530,683",0,"46,441","205,289","1,744,804"
1990,October,"40,923",0,0,"2,262","2,454",0,124,504,"5,344",1990 Totals,"620,719",0,0,"31,632","16,870",0,"2,228","7,707","58,437","25,840,188",0,0,"962,394","530,683",0,"46,441","205,289","1,744,804"
1990,November,"15,192",0,0,486,618,0,138,257,"1,499",1990 Totals,"620,719",0,0,"31,632","16,870",0,"2,228","7,707","58,437","25,840,188",0,0,"962,394","530,683",0,"46,441","205,289","1,744,804"
1990,December,"7,211",0,0,236,342,0,12,85,675,1990 Totals,"620,719",0,0,"31,632","16,870",0,"2,228","7,707","58,437","25,840,188",0,0,"962,394","530,683",0,"46,441","205,289","1,744,804"
1991,January,"6,307",0,0,199,176,0,10,0,385,1991 Totals,"705,882",0,0,"29,698","17,871",0,"2,850","7,835","58,254","25,840,188",0,0,"962,394","530,683",0,"46,441","205,289","1,744,804"
1991,February,"11,453",0,0,206,200,0,29,94,529,1991 Totals,"705,882",0,0,"29,698","17,871",0,"2,850","7,835","58,254","25,840,188",0,0,"962,394","530,683",0,"46,441","205,289","1,744,804"
1991,March,"45,466",0,0,"4,100","1,250",0,455,781,"6,586",1991 Totals,"705,882",0,0,"29,698","17,871",0,"2,850","7,835","58,254","25,840,188",0,0,"962,394","530,683",0,"46,441","205,289","1,744,804"
1991,April,"60,081",0,0,"2,882","2,624",0,309,949,"6,764",1991 Totals,"705,882",0,0,"29,698","17,871",0,"2,850","7,835","58,254","25,840,188",0,0,"962,394","530,683",0,"46,441","205,289","1,744,804"
1991,May,"93,762",0,0,"3,751","2,526",0,598,"1,277","8,152",1991 Totals,"705,882",0,0,"29,698","17,871",0,"2,850","7,835","58,254","25,840,188",0,0,"962,394","530,683",0,"46,441","205,289","1,744,804"
1991,June,"104,120",0,0,"3,451","2,421",0,281,"1,414","7,567",1991 Totals,"705,882",0,0,"29,698","17,871",0,"2,850","7,835","58,254","25,840,188",0,0,"962,394","530,683",0,"46,441","205,289","1,744,804"
1991,July,"103,591",0,0,"3,968","1,768",0,181,962,"6,879",1991 Totals,"705,882",0,0,"29,698","17,871",0,"2,850","7,835","58,254","25,840,188",0,0,"962,394","530,683",0,"46,441","205,289","1,744,804"
1991,August,"116,516",0,0,"4,987","1,705",0,278,"1,217","8,187",1991 Totals,"705,882",0,0,"29,698","17,871",0,"2,850","7,835","58,254","25,840,188",0,0,"962,394","530,683",0,"46,441","205,289","1,744,804"
1991,September,"90,407",0,0,"2,668","1,943",0,303,316,"5,230",1991 Totals,"705,882",0,0,"29,698","17,871",0,"2,850","7,835","58,254","25,840,188",0,0,"962,394","530,683",0,"46,441","205,289","1,744,804"
1991,October,"51,260",0,0,"2,560","2,798",0,313,575,"6,246",1991 Totals,"705,882",0,0,"29,698","17,871",0,"2,850","7,835","58,254","25,840,188",0,0,"962,394","530,683",0,"46,441","205,289","1,744,804"
1991,November,"14,808",0,0,713,376,0,53,172,"1,314",1991 Totals,"705,882",0,0,"29,698","17,871",0,"2,850","7,835","58,254","25,840,188",0,0,"962,394","530,683",0,"46,441","205,289","1,744,804"
1991,December,"8,111",0,0,213,84,0,40,78,415,1991 Totals,"705,882",0,0,"29,698","17,871",0,"2,850","7,835","58,254","25,840,188",0,0,"962,394","530,683",0,"46,441","205,289","1,744,804"
1992,January,"8,016",0,0,218,47,0,19,70,354,1992 Totals,"799,831",0,0,"32,777","15,893",0,"3,033","6,467","58,170","25,840,188",0,0,"962,394","530,683",0,"46,441","205,289","1,744,804"
1992,February,"12,779",0,0,242,234,0,52,95,623,1992 Totals,"799,831",0,0,"32,777","15,893",0,"3,033","6,467","58,170","25,840,188",0,0,"962,394","530,683",0,"46,441","205,289","1,744,804"
1992,March,"50,228",0,0,"4,584","1,771",0,410,450,"7,215",1992 Totals,"799,831",0,0,"32,777","15,893",0,"3,033","6,467","58,170","25,840,188",0,0,"962,394","530,683",0,"46,441","205,289","1,744,804"
1992,April,"82,025",0,0,"3,641","2,827",0,580,909,"7,957",1992 Totals,"799,831",0,0,"32,777","15,893",0,"3,033","6,467","58,170","25,840,188",0,0,"962,394","530,683",0,"46,441","205,289","1,744,804"
1992,May,"104,639",0,0,"3,553","2,093",0,549,"1,103","7,298",1992 Totals,"799,831",0,0,"32,777","15,893",0,"3,033","6,467","58,170","25,840,188",0,0,"962,394","530,683",0,"46,441","205,289","1,744,804"
1992,June,"109,882",0,0,"3,747","1,882",0,325,"1,030","6,984",1992 Totals,"799,831",0,0,"32,777","15,893",0,"3,033","6,467","58,170","25,840,188",0,0,"962,394","530,683",0,"46,441","205,289","1,744,804"
1992,July,"119,021",0,0,"4,183","1,651",0,274,709,"6,817",1992 Totals,"799,831",0,0,"32,777","15,893",0,"3,033","6,467","58,170","25,840,188",0,0,"962,394","530,683",0,"46,441","205,289","1,744,804"
1992,August,"124,840",0,0,"5,091","1,416",0,235,501,"7,243",1992 Totals,"799,831",0,0,"32,777","15,893",0,"3,033","6,467","58,170","25,840,188",0,0,"962,394","530,683",0,"46,441","205,289","1,744,804"
1992,September,"104,561",0,0,"3,399","1,763",0,314,546,"6,022",1992 Totals,"799,831",0,0,"32,777","15,893",0,"3,033","6,467","58,170","25,840,188",0,0,"962,394","530,683",0,"46,441","205,289","1,744,804"
1992,October,"58,839",0,0,"3,073","1,683",0,243,782,"5,781",1992 Totals,"799,831",0,0,"32,777","15,893",0,"3,033","6,467","58,170","25,840,188",0,0,"962,394","530,683",0,"46,441","205,289","1,744,804"
1992,November,"18,150",0,0,871,457,0,12,210,"1,550",1992 Totals,"799,831",0,0,"32,777","15,893",0,"3,033","6,467","58,170","25,840,188",0,0,"962,394","530,683",0,"46,441","205,289","1,744,804"
1992,December,"6,851",0,0,175,69,0,20,62,326,1992 Totals,"799,831",0,0,"32,777","15,893",0,"3,033","6,467","58,170","25,840,188",0,0,"962,394","530,683",0,"46,441","205,289","1,744,804"
1993,January,"6,036",0,0,240,53,0,17,77,387,1993 Totals,"773,678",0,0,"30,028","12,002",0,"2,289","5,090","49,409","25,840,188",0,0,"962,394","530,683",0,"46,441","205,289","1,744,804"
1993,February,"8,599",0,0,192,190,0,14,76,472,1993 Totals,"773,678",0,0,"30,028","12,002",0,"2,289","5,090","49,409","25,840,188",0,0,"962,394","530,683",0,"46,441","205,289","1,744,804"
1993,March,"43,551",0,0,"4,674","1,328",0,543,410,"6,955",1993 Totals,"773,678",0,0,"30,028","12,002",0,"2,289","5,090","49,409","25,840,188",0,0,"962,394","530,683",0,"46,441","205,289","1,744,804"
1993,April,"74,542",0,0,"3,437","1,917",0,505,369,"6,228",1993 Totals,"773,678",0,0,"30,028","12,002",0,"2,289","5,090","49,409","25,840,188",0,0,"962,394","530,683",0,"46,441","205,289","1,744,804"
1993,May,"103,852",0,0,"3,399","1,825",0,245,404,"5,873",1993 Totals,"773,678",0,0,"30,028","12,002",0,"2,289","5,090","49,409","25,840,188",0,0,"962,394","530,683",0,"46,441","205,289","1,744,804"
1993,June,"102,396",0,0,"3,391","1,385",0,281,274,"5,331",1993 Totals,"773,678",0,0,"30,028","12,002",0,"2,289","5,090","49,409","25,840,188",0,0,"962,394","530,683",0,"46,441","205,289","1,744,804"
1993,July,"116,886",0,0,"2,973","1,250",0,143,679,"5,045",1993 Totals,"773,678",0,0,"30,028","12,002",0,"2,289","5,090","49,409","25,840,188",0,0,"962,394","530,683",0,"46,441","205,289","1,744,804"
1993,August,"118,500",0,0,"4,020",918,0,165,627,"5,730",1993 Totals,"773,678",0,0,"30,028","12,002",0,"2,289","5,090","49,409","25,840,188",0,0,"962,394","530,683",0,"46,441","205,289","1,744,804"
1993,September,"111,614",0,0,"3,453","1,247",0,133,836,"5,669",1993 Totals,"773,678",0,0,"30,028","12,002",0,"2,289","5,090","49,409","25,840,188",0,0,"962,394","530,683",0,"46,441","205,289","1,744,804"
1993,October,"60,523",0,0,"3,058","1,298",0,182,"1,015","5,553",1993 Totals,"773,678",0,0,"30,028","12,002",0,"2,289","5,090","49,409","25,840,188",0,0,"962,394","530,683",0,"46,441","205,289","1,744,804"
1993,November,"18,951",0,0,965,502,0,35,242,"1,744",1993 Totals,"773,678",0,0,"30,028","12,002",0,"2,289","5,090","49,409","25,840,188",0,0,"962,394","530,683",0,"46,441","205,289","1,744,804"
1993,December,"8,228",0,0,226,89,0,26,81,422,1993 Totals,"773,678",0,0,"30,028","12,002",0,"2,289","5,090","49,409","25,840,188",0,0,"962,394","530,683",0,"46,441","205,289","1,744,804"
1994,January,"9,904",0,0,391,86,0,16,78,571,1994 Totals,"777,178",0,0,"28,835","13,039",0,"1,267","8,837","51,978","25,840,188",0,0,"962,394","530,683",0,"46,441","205,289","1,744,804"
1994,February,"12,348",0,0,274,276,0,15,102,667,1994 Totals,"777,178",0,0,"28,835","13,039",0,"1,267","8,837","51,978","25,840,188",0,0,"962,394","530,683",0,"46,441","205,289","1,744,804"
1994,March,"53,504",0,0,"4,101","1,423",0,286,668,"6,478",1994 Totals,"777,178",0,0,"28,835","13,039",0,"1,267","8,837","51,978","25,840,188",0,0,"962,394","530,683",0,"46,441","205,289","1,744,804"
1994,April,"74,096",0,0,"3,324","2,160",0,280,"1,440","7,204",1994 Totals,"777,178",0,0,"28,835","13,039",0,"1,267","8,837","51,978","25,840,188",0,0,"962,394","530,683",0,"46,441","205,289","1,744,804"
1994,May,"103,871",0,0,"3,213","1,850",0,239,"1,533","6,835",1994 Totals,"777,178",0,0,"28,835","13,039",0,"1,267","8,837","51,978","25,840,188",0,0,"962,394","530,683",0,"46,441","205,289","1,744,804"
1994,June,"98,464",0,0,"3,137","1,652",0,100,906,"5,795",1994 Totals,"777,178",0,0,"28,835","13,039",0,"1,267","8,837","51,978","25,840,188",0,0,"962,394","530,683",0,"46,441","205,289","1,744,804"
1994,July,"109,497",0,0,"3,791","1,045",0,78,"1,078","5,992",1994 Totals,"777,178",0,0,"28,835","13,039",0,"1,267","8,837","51,978","25,840,188",0,0,"962,394","530,683",0,"46,441","205,289","1,744,804"
1994,August,"115,008",0,0,"3,958","1,037",0,65,484,"5,544",1994 Totals,"777,178",0,0,"28,835","13,039",0,"1,267","8,837","51,978","25,840,188",0,0,"962,394","530,683",0,"46,441","205,289","1,744,804"
1994,September,"110,027",0,0,"3,170","1,474",0,112,"1,172","5,928",1994 Totals,"777,178",0,0,"28,835","13,039",0,"1,267","8,837","51,978","25,840,188",0,0,"962,394","530,683",0,"46,441","205,289","1,744,804"
1994,October,"61,676",0,0,"2,297","1,464",0,53,"1,046","4,860",1994 Totals,"777,178",0,0,"28,835","13,039",0,"1,267","8,837","51,978","25,840,188",0,0,"962,394","530,683",0,"46,441","205,289","1,744,804"
1994,November,"16,776",0,0,850,442,0,18,213,"1,523",1994 Totals,"777,178",0,0,"28,835","13,039",0,"1,267","8,837","51,978","25,840,188",0,0,"962,394","530,683",0,"46,441","205,289","1,744,804"
1994,December,"12,007",0,0,329,130,0,5,117,581,1994 Totals,"777,178",0,0,"28,835","13,039",0,"1,267","8,837","51,978","25,840,188",0,0,"962,394","530,683",0,"46,441","205,289","1,744,804"
1995,January,"11,055",0,0,223,74,0,30,0,327,1995 Totals,"859,374",0,0,"27,963","12,437",0,868,"5,723","46,991","25,840,188",0,0,"962,394","530,683",0,"46,441","205,289","1,744,804"
1995,February,"15,813",0,0,583,77,0,21,45,726,1995 Totals,"859,374",0,0,"27,963","12,437",0,868,"5,723","46,991","25,840,188",0,0,"962,394","530,683",0,"46,441","205,289","1,744,804"
1995,March,"52,952",0,0,"3,850","1,015",0,129,400,"5,394",1995 Totals,"859,374",0,0,"27,963","12,437",0,868,"5,723","46,991","25,840,188",0,0,"962,394","530,683",0,"46,441","205,289","1,744,804"
1995,April,"76,855",0,0,"3,661","1,631",0,177,529,"5,998",1995 Totals,"859,374",0,0,"27,963","12,437",0,868,"5,723","46,991","25,840,188",0,0,"962,394","530,683",0,"46,441","205,289","1,744,804"
1995,May,"111,925",0,0,"3,432","1,709",0,121,"1,093","6,355",1995 Totals,"859,374",0,0,"27,963","12,437",0,868,"5,723","46,991","25,840,188",0,0,"962,394","530,683",0,"46,441","205,289","1,744,804"
1995,June,"116,972",0,0,"3,189","1,547",0,76,"1,163","5,975",1995 Totals,"859,374",0,0,"27,963","12,437",0,868,"5,723","46,991","25,840,188",0,0,"962,394","530,683",0,"46,441","205,289","1,744,804"
1995,July,"136,258",0,0,"2,892","1,231",0,76,823,"5,022",1995 Totals,"859,374",0,0,"27,963","12,437",0,868,"5,723","46,991","25,840,188",0,0,"962,394","530,683",0,"46,441","205,289","1,744,804"
1995,August,"127,740",0,0,"3,264","1,423",0,78,556,"5,321",1995 Totals,"859,374",0,0,"27,963","12,437",0,868,"5,723","46,991","25,840,188",0,0,"962,394","530,683",0,"46,441","205,289","1,744,804"
1995,September,"120,634",0,0,"3,040","1,582",0,53,559,"5,234",1995 Totals,"859,374",0,0,"27,963","12,437",0,868,"5,723","46,991","25,840,188",0,0,"962,394","530,683",0,"46,441","205,289","1,744,804"
1995,October,"66,136",0,0,"2,506","1,745",0,80,377,"4,708",1995 Totals,"859,374",0,0,"27,963","12,437",0,868,"5,723","46,991","25,840,188",0,0,"962,394","530,683",0,"46,441","205,289","1,744,804"
1995,November,"18,025",0,0,"1,181",331,0,24,178,"1,714",1995 Totals,"859,374",0,0,"27,963","12,437",0,868,"5,723","46,991","25,840,188",0,0,"962,394","530,683",0,"46,441","205,289","1,744,804"
1995,December,"5,009",0,0,142,72,0,3,0,217,1995 Totals,"859,374",0,0,"27,963","12,437",0,868,"5,723","46,991","25,840,188",0,0,"962,394","530,683",0,"46,441","205,289","1,744,804"
1996,January,"8,183",0,0,242,91,0,11,0,344,1996 Totals,"856,016",0,0,"27,266","12,905",0,555,"4,931","45,657","25,840,188",0,0,"962,394","530,683",0,"46,441","205,289","1,744,804"
1996,February,"14,300",0,0,874,192,0,7,0,"1,073",1996 Totals,"856,016",0,0,"27,266","12,905",0,555,"4,931","45,657","25,840,188",0,0,"962,394","530,683",0,"46,441","205,289","1,744,804"
1996,March,"58,978",0,0,"3,321",867,0,77,381,"4,646",1996 Totals,"856,016",0,0,"27,266","12,905",0,555,"4,931","45,657","25,840,188",0,0,"962,394","530,683",0,"46,441","205,289","1,744,804"
1996,April,"79,685",0,0,"3,216","1,898",0,59,571,"5,744",1996 Totals,"856,016",0,0,"27,266","12,905",0,555,"4,931","45,657","25,840,188",0,0,"962,394","530,683",0,"46,441","205,289","1,744,804"
1996,May,"116,552",0,0,"3,043","1,882",0,148,"1,244","6,317",1996 Totals,"856,016",0,0,"27,266","12,905",0,555,"4,931","45,657","25,840,188",0,0,"962,394","530,683",0,"46,441","205,289","1,744,804"
1996,June,"111,616",0,0,"3,065","1,450",0,50,816,"5,381",1996 Totals,"856,016",0,0,"27,266","12,905",0,555,"4,931","45,657","25,840,188",0,0,"962,394","530,683",0,"46,441","205,289","1,744,804"
1996,July,"119,378",0,0,"3,688","1,169",0,26,791,"5,674",1996 Totals,"856,016",0,0,"27,266","12,905",0,555,"4,931","45,657","25,840,188",0,0,"962,394","530,683",0,"46,441","205,289","1,744,804"
1996,August,"128,102",0,0,"3,413","1,364",0,37,277,"5,091",1996 Totals,"856,016",0,0,"27,266","12,905",0,555,"4,931","45,657","25,840,188",0,0,"962,394","530,683",0,"46,441","205,289","1,744,804"
1996,September,"121,734",0,0,"2,854","1,755",0,65,350,"5,024",1996 Totals,"856,016",0,0,"27,266","12,905",0,555,"4,931","45,657","25,840,188",0,0,"962,394","530,683",0,"46,441","205,289","1,744,804"
1996,October,"63,804",0,0,"2,098","1,637",0,44,327,"4,106",1996 Totals,"856,016",0,0,"27,266","12,905",0,555,"4,931","45,657","25,840,188",0,0,"962,394","530,683",0,"46,441","205,289","1,744,804"
1996,November,"19,972",0,0,"1,152",514,0,31,174,"1,871",1996 Totals,"856,016",0,0,"27,266","12,905",0,555,"4,931","45,657","25,840,188",0,0,"962,394","530,683",0,"46,441","205,289","1,744,804"
1996,December,"13,712",0,0,300,86,0,0,0,386,1996 Totals,"856,016",0,0,"27,266","12,905",0,555,"4,931","45,657","25,840,188",0,0,"962,394","530,683",0,"46,441","205,289","1,744,804"
1997,January,"9,422",0,0,257,38,0,1,0,296,1997 Totals,"858,525",0,0,"28,229","13,284",0,728,"5,264","47,505","25,840,188",0,0,"962,394","530,683",0,"46,441","205,289","1,744,804"
1997,February,"13,493",0,0,415,108,0,14,0,537,1997 Totals,"858,525",0,0,"28,229","13,284",0,728,"5,264","47,505","25,840,188",0,0,"962,394","530,683",0,"46,441","205,289","1,744,804"
1997,March,"64,176",0,0,"3,286",964,0,151,534,"4,935",1997 Totals,"858,525",0,0,"28,229","13,284",0,728,"5,264","47,505","25,840,188",0,0,"962,394","530,683",0,"46,441","205,289","1,744,804"
1997,April,"70,201",0,0,"2,889","1,725",0,115,785,"5,514",1997 Totals,"858,525",0,0,"28,229","13,284",0,728,"5,264","47,505","25,840,188",0,0,"962,394","530,683",0,"46,441","205,289","1,744,804"
1997,May,"115,568",0,0,"2,862","2,074",0,136,"1,167","6,239",1997 Totals,"858,525",0,0,"28,229","13,284",0,728,"5,264","47,505","25,840,188",0,0,"962,394","530,683",0,"46,441","205,289","1,744,804"
1997,June,"114,213",0,0,"3,456","1,401",0,77,722,"5,656",1997 Totals,"858,525",0,0,"28,229","13,284",0,728,"5,264","47,505","25,840,188",0,0,"962,394","530,683",0,"46,441","205,289","1,744,804"
1997,July,"122,626",0,0,"4,069","1,220",0,58,767,"6,114",1997 Totals,"858,525",0,0,"28,229","13,284",0,728,"5,264","47,505","25,840,188",0,0,"962,394","530,683",0,"46,441","205,289","1,744,804"
1997,August,"131,104",0,0,"3,729","1,466",0,39,290,"5,524",1997 Totals,"858,525",0,0,"28,229","13,284",0,728,"5,264","47,505","25,840,188",0,0,"962,394","530,683",0,"46,441","205,289","1,744,804"
1997,September,"119,450",0,0,"3,092","1,922",0,70,302,"5,386",1997 Totals,"858,525",0,0,"28,229","13,284",0,728,"5,264","47,505","25,840,188",0,0,"962,394","530,683",0,"46,441","205,289","1,744,804"
1997,October,"66,854",0,0,"2,758","1,646",0,39,632,"5,075",1997 Totals,"858,525",0,0,"28,229","13,284",0,728,"5,264","47,505","25,840,188",0,0,"962,394","530,683",0,"46,441","205,289","1,744,804"
1997,November,"19,933",0,0,"1,200",631,0,22,65,"1,918",1997 Totals,"858,525",0,0,"28,229","13,284",0,728,"5,264","47,505","25,840,188",0,0,"962,394","530,683",0,"46,441","205,289","1,744,804"
1997,December,"11,485",0,0,216,89,0,6,0,311,1997 Totals,"858,525",0,0,"28,229","13,284",0,728,"5,264","47,505","25,840,188",0,0,"962,394","530,683",0,"46,441","205,289","1,744,804"
1998,January,"10,450",0,0,341,110,0,13,0,464,1998 Totals,"837,161",0,0,"30,348","13,618",0,420,"5,569","49,955","25,840,188",0,0,"962,394","530,683",0,"46,441","205,289","1,744,804"
1998,February,"12,337",0,0,398,168,0,7,19,592,1998 Totals,"837,161",0,0,"30,348","13,618",0,420,"5,569","49,955","25,840,188",0,0,"962,394","530,683",0,"46,441","205,289","1,744,804"
1998,March,"52,467",0,0,"3,364","1,096",0,26,593,"5,079",1998 Totals,"837,161",0,0,"30,348","13,618",0,420,"5,569","49,955","25,840,188",0,0,"962,394","530,683",0,"46,441","205,289","1,744,804"
1998,April,"75,236",0,0,"3,124","1,779",0,49,860,"5,812",1998 Totals,"837,161",0,0,"30,348","13,618",0,420,"5,569","49,955","25,840,188",0,0,"962,394","530,683",0,"46,441","205,289","1,744,804"
1998,May,"119,525",0,0,"3,497","2,101",0,89,"1,197","6,884",1998 Totals,"837,161",0,0,"30,348","13,618",0,420,"5,569","49,955","25,840,188",0,0,"962,394","530,683",0,"46,441","205,289","1,744,804"
1998,June,"116,384",0,0,"3,964","1,636",0,47,895,"6,542",1998 Totals,"837,161",0,0,"30,348","13,618",0,420,"5,569","49,955","25,840,188",0,0,"962,394","530,683",0,"46,441","205,289","1,744,804"
1998,July,"113,040",0,0,"4,458","1,358",0,44,547,"6,407",1998 Totals,"837,161",0,0,"30,348","13,618",0,420,"5,569","49,955","25,840,188",0,0,"962,394","530,683",0,"46,441","205,289","1,744,804"
1998,August,"120,361",0,0,"3,677","1,220",0,71,221,"5,189",1998 Totals,"837,161",0,0,"30,348","13,618",0,420,"5,569","49,955","25,840,188",0,0,"962,394","530,683",0,"46,441","205,289","1,744,804"
1998,September,"116,137",0,0,"3,191","1,733",0,29,386,"5,339",1998 Totals,"837,161",0,0,"30,348","13,618",0,420,"5,569","49,955","25,840,188",0,0,"962,394","530,683",0,"46,441","205,289","1,744,804"
1998,October,"68,808",0,0,"2,822","1,778",0,26,814,"5,440",1998 Totals,"837,161",0,0,"30,348","13,618",0,420,"5,569","49,955","25,840,188",0,0,"962,394","530,683",0,"46,441","205,289","1,744,804"
1998,November,"21,875",0,0,"1,176",533,0,15,37,"1,761",1998 Totals,"837,161",0,0,"30,348","13,618",0,420,"5,569","49,955","25,840,188",0,0,"962,394","530,683",0,"46,441","205,289","1,744,804"
1998,December,"10,541",0,0,336,106,0,4,0,446,1998 Totals,"837,161",0,0,"30,348","13,618",0,420,"5,569","49,955","25,840,188",0,0,"962,394","530,683",0,"46,441","205,289","1,744,804"
1999,January,"11,967",0,0,336,103,0,4,14,457,1999 Totals,"869,980",0,0,"26,984","15,520",0,817,"5,754","49,075","25,840,188",0,0,"962,394","530,683",0,"46,441","205,289","1,744,804"
1999,February,"15,378",0,0,590,245,0,6,37,878,1999 Totals,"869,980",0,0,"26,984","15,520",0,817,"5,754","49,075","25,840,188",0,0,"962,394","530,683",0,"46,441","205,289","1,744,804"
1999,March,"62,198",0,0,"2,919","1,210",0,166,377,"4,672",1999 Totals,"869,980",0,0,"26,984","15,520",0,817,"5,754","49,075","25,840,188",0,0,"962,394","530,683",0,"46,441","205,289","1,744,804"
1999,April,"69,196",0,0,"2,546","2,165",0,125,549,"5,385",1999 Totals,"869,980",0,0,"26,984","15,520",0,817,"5,754","49,075","25,840,188",0,0,"962,394","530,683",0,"46,441","205,289","1,744,804"
1999,May,"120,213",0,0,"2,689","2,125",0,174,"1,311","6,299",1999 Totals,"869,980",0,0,"26,984","15,520",0,817,"5,754","49,075","25,840,188",0,0,"962,394","530,683",0,"46,441","205,289","1,744,804"
1999,June,"118,326",0,0,"3,372","1,825",0,87,921,"6,205",1999 Totals,"869,980",0,0,"26,984","15,520",0,817,"5,754","49,075","25,840,188",0,0,"962,394","530,683",0,"46,441","205,289","1,744,804"
1999,July,"118,042",0,0,"3,505","1,488",0,48,719,"5,760",1999 Totals,"869,980",0,0,"26,984","15,520",0,817,"5,754","49,075","25,840,188",0,0,"962,394","530,683",0,"46,441","205,289","1,744,804"
1999,August,"124,130",0,0,"3,715","1,512",0,92,352,"5,671",1999 Totals,"869,980",0,0,"26,984","15,520",0,817,"5,754","49,075","25,840,188",0,0,"962,394","530,683",0,"46,441","205,289","1,744,804"
1999,September,"119,657",0,0,"2,862","1,982",0,46,654,"5,544",1999 Totals,"869,980",0,0,"26,984","15,520",0,817,"5,754","49,075","25,840,188",0,0,"962,394","530,683",0,"46,441","205,289","1,744,804"
1999,October,"71,604",0,0,"2,743","1,922",0,52,769,"5,486",1999 Totals,"869,980",0,0,"26,984","15,520",0,817,"5,754","49,075","25,840,188",0,0,"962,394","530,683",0,"46,441","205,289","1,744,804"
1999,November,"25,888",0,0,"1,277",739,0,11,51,"2,078",1999 Totals,"869,980",0,0,"26,984","15,520",0,817,"5,754","49,075","25,840,188",0,0,"962,394","530,683",0,"46,441","205,289","1,744,804"
1999,December,"13,381",0,0,430,204,0,6,0,640,1999 Totals,"869,980",0,0,"26,984","15,520",0,817,"5,754","49,075","25,840,188",0,0,"962,394","530,683",0,"46,441","205,289","1,744,804"
2000,January,"11,505",0,0,348,139,0,2,0,489,2000 Totals,"786,429",0,0,"26,940","14,116",0,643,"4,059","45,758","25,840,188",0,0,"962,394","530,683",0,"46,441","205,289","1,744,804"
2000,February,"14,435",0,0,442,314,0,3,2,761,2000 Totals,"786,429",0,0,"26,940","14,116",0,643,"4,059","45,758","25,840,188",0,0,"962,394","530,683",0,"46,441","205,289","1,744,804"
2000,March,"52,392",0,0,"3,572","1,312",0,146,261,"5,291",2000 Totals,"786,429",0,0,"26,940","14,116",0,643,"4,059","45,758","25,840,188",0,0,"962,394","530,683",0,"46,441","205,289","1,744,804"
2000,April,"77,012",0,0,"3,591","2,055",0,104,562,"6,312",2000 Totals,"786,429",0,0,"26,940","14,116",0,643,"4,059","45,758","25,840,188",0,0,"962,394","530,683",0,"46,441","205,289","1,744,804"
2000,May,"107,856",0,0,"3,267","2,001",0,119,724,"6,111",2000 Totals,"786,429",0,0,"26,940","14,116",0,643,"4,059","45,758","25,840,188",0,0,"962,394","530,683",0,"46,441","205,289","1,744,804"
2000,June,"106,198",0,0,"3,318","1,831",0,49,752,"5,950",2000 Totals,"786,429",0,0,"26,940","14,116",0,643,"4,059","45,758","25,840,188",0,0,"962,394","530,683",0,"46,441","205,289","1,744,804"
2000,July,"110,434",0,0,"3,691","1,296",0,39,596,"5,622",2000 Totals,"786,429",0,0,"26,940","14,116",0,643,"4,059","45,758","25,840,188",0,0,"962,394","530,683",0,"46,441","205,289","1,744,804"
2000,August,"104,487",0,0,"3,308","1,544",0,62,122,"5,036",2000 Totals,"786,429",0,0,"26,940","14,116",0,643,"4,059","45,758","25,840,188",0,0,"962,394","530,683",0,"46,441","205,289","1,744,804"
2000,September,"104,706",0,0,"2,900","1,898",0,63,653,"5,514",2000 Totals,"786,429",0,0,"26,940","14,116",0,643,"4,059","45,758","25,840,188",0,0,"962,394","530,683",0,"46,441","205,289","1,744,804"
2000,October,"65,675",0,0,"2,503","1,726",0,43,387,"4,659",2000 Totals,"786,429",0,0,"26,940","14,116",0,643,"4,059","45,758","25,840,188",0,0,"962,394","530,683",0,"46,441","205,289","1,744,804"
2000,November,"19,787",0,0,0,0,0,6,0,6,2000 Totals,"786,429",0,0,"26,940","14,116",0,643,"4,059","45,758","25,840,188",0,0,"962,394","530,683",0,"46,441","205,289","1,744,804"
2000,December,"11,942",0,0,0,0,0,7,0,7,2000 Totals,"786,429",0,0,"26,940","14,116",0,643,"4,059","45,758","25,840,188",0,0,"962,394","530,683",0,"46,441","205,289","1,744,804"
2001,January,"10,566",0,0,0,0,0,6,0,6,2001 Totals,"754,026",0,0,"29,711","12,466",0,414,"4,322","46,913","25,840,188",0,0,"962,394","530,683",0,"46,441","205,289","1,744,804"
2001,February,"12,868",0,0,149,130,0,2,0,281,2001 Totals,"754,026",0,0,"29,711","12,466",0,414,"4,322","46,913","25,840,188",0,0,"962,394","530,683",0,"46,441","205,289","1,744,804"
2001,March,"55,082",0,0,"3,448","1,018",0,64,372,"4,902",2001 Totals,"754,026",0,0,"29,711","12,466",0,414,"4,322","46,913","25,840,188",0,0,"962,394","530,683",0,"46,441","205,289","1,744,804"
2001,April,"73,213",0,0,"3,518","1,947",0,108,485,"6,058",2001 Totals,"754,026",0,0,"29,711","12,466",0,414,"4,322","46,913","25,840,188",0,0,"962,394","530,683",0,"46,441","205,289","1,744,804"
2001,May,"112,865",0,0,"4,031","1,879",0,92,"1,049","7,051",2001 Totals,"754,026",0,0,"29,711","12,466",0,414,"4,322","46,913","25,840,188",0,0,"962,394","530,683",0,"46,441","205,289","1,744,804"
2001,June,"99,452",0,0,"3,456","1,382",0,35,703,"5,576",2001 Totals,"754,026",0,0,"29,711","12,466",0,414,"4,322","46,913","25,840,188",0,0,"962,394","530,683",0,"46,441","205,289","1,744,804"
2001,July,"100,281",0,0,"3,634","1,069",0,21,522,"5,246",2001 Totals,"754,026",0,0,"29,711","12,466",0,414,"4,322","46,913","25,840,188",0,0,"962,394","530,683",0,"46,441","205,289","1,744,804"
2001,August,"97,985",0,0,"3,723","1,220",0,13,205,"5,161",2001 Totals,"754,026",0,0,"29,711","12,466",0,414,"4,322","46,913","25,840,188",0,0,"962,394","530,683",0,"46,441","205,289","1,744,804"
2001,September,"94,814",0,0,"3,386","1,539",0,25,433,"5,383",2001 Totals,"754,026",0,0,"29,711","12,466",0,414,"4,322","46,913","25,840,188",0,0,"962,394","530,683",0,"46,441","205,289","1,744,804"
2001,October,"60,747",0,0,"2,705","1,702",0,29,501,"4,937",2001 Totals,"754,026",0,0,"29,711","12,466",0,414,"4,322","46,913","25,840,188",0,0,"962,394","530,683",0,"46,441","205,289","1,744,804"
2001,November,"26,363",0,0,"1,361",458,0,17,52,"1,888",2001 Totals,"754,026",0,0,"29,711","12,466",0,414,"4,322","46,913","25,840,188",0,0,"962,394","530,683",0,"46,441","205,289","1,744,804"
2001,December,"9,790",0,0,300,122,0,2,0,424,2001 Totals,"754,026",0,0,"29,711","12,466",0,414,"4,322","46,913","25,840,188",0,0,"962,394","530,683",0,"46,441","205,289","1,744,804"
2002,January,"9,951",0,0,146,82,0,0,0,228,2002 Totals,"769,672",0,0,"29,450","12,074",0,402,"4,921","46,847","25,840,188",0,0,"962,394","530,683",0,"46,441","205,289","1,744,804"
2002,February,"18,163",0,0,221,82,0,5,8,316,2002 Totals,"769,672",0,0,"29,450","12,074",0,402,"4,921","46,847","25,840,188",0,0,"962,394","530,683",0,"46,441","205,289","1,744,804"
2002,March,"57,348",0,0,"3,121","1,121",0,48,390,"4,680",2002 Totals,"769,672",0,0,"29,450","12,074",0,402,"4,921","46,847","25,840,188",0,0,"962,394","530,683",0,"46,441","205,289","1,744,804"
2002,April,"76,544",0,0,"3,667","1,955",0,100,683,"6,405",2002 Totals,"769,672",0,0,"29,450","12,074",0,402,"4,921","46,847","25,840,188",0,0,"962,394","530,683",0,"46,441","205,289","1,744,804"
2002,May,"109,130",0,0,"4,163","1,777",0,93,"1,067","7,100",2002 Totals,"769,672",0,0,"29,450","12,074",0,402,"4,921","46,847","25,840,188",0,0,"962,394","530,683",0,"46,441","205,289","1,744,804"
2002,June,"101,051",0,0,"3,499","1,212",0,37,766,"5,514",2002 Totals,"769,672",0,0,"29,450","12,074",0,402,"4,921","46,847","25,840,188",0,0,"962,394","530,683",0,"46,441","205,289","1,744,804"
2002,July,"96,566",0,0,"3,950",853,0,16,583,"5,402",2002 Totals,"769,672",0,0,"29,450","12,074",0,402,"4,921","46,847","25,840,188",0,0,"962,394","530,683",0,"46,441","205,289","1,744,804"
2002,August,"97,631",0,0,"3,937",980,0,34,268,"5,219",2002 Totals,"769,672",0,0,"29,450","12,074",0,402,"4,921","46,847","25,840,188",0,0,"962,394","530,683",0,"46,441","205,289","1,744,804"
2002,September,"98,581",0,0,"3,218","1,696",0,22,703,"5,639",2002 Totals,"769,672",0,0,"29,450","12,074",0,402,"4,921","46,847","25,840,188",0,0,"962,394","530,683",0,"46,441","205,289","1,744,804"
2002,October,"67,373",0,0,"2,388","1,730",0,28,409,"4,555",2002 Totals,"769,672",0,0,"29,450","12,074",0,402,"4,921","46,847","25,840,188",0,0,"962,394","530,683",0,"46,441","205,289","1,744,804"
2002,November,"23,134",0,0,874,454,0,19,44,"1,391",2002 Totals,"769,672",0,0,"29,450","12,074",0,402,"4,921","46,847","25,840,188",0,0,"962,394","530,683",0,"46,441","205,289","1,744,804"
2002,December,"14,200",0,0,266,132,0,0,0,398,2002 Totals,"769,672",0,0,"29,450","12,074",0,402,"4,921","46,847","25,840,188",0,0,"962,394","530,683",0,"46,441","205,289","1,744,804"
2003,January,"13,326",0,0,415,173,0,0,0,588,2003 Totals,"757,781",0,0,"28,308","11,974",0,341,"4,008","44,631","25,840,188",0,0,"962,394","530,683",0,"46,441","205,289","1,744,804"
2003,February,"13,760",0,0,305,214,0,6,0,525,2003 Totals,"757,781",0,0,"28,308","11,974",0,341,"4,008","44,631","25,840,188",0,0,"962,394","530,683",0,"46,441","205,289","1,744,804"
2003,March,"50,242",0,0,"3,213",864,0,69,342,"4,488",2003 Totals,"757,781",0,0,"28,308","11,974",0,341,"4,008","44,631","25,840,188",0,0,"962,394","530,683",0,"46,441","205,289","1,744,804"
2003,April,"70,795",0,0,"3,607","1,760",0,81,677,"6,125",2003 Totals,"757,781",0,0,"28,308","11,974",0,341,"4,008","44,631","25,840,188",0,0,"962,394","530,683",0,"46,441","205,289","1,744,804"
2003,May,"106,873",0,0,"4,304","1,580",0,74,929,"6,887",2003 Totals,"757,781",0,0,"28,308","11,974",0,341,"4,008","44,631","25,840,188",0,0,"962,394","530,683",0,"46,441","205,289","1,744,804"
2003,June,"101,997",0,0,"3,526","1,272",0,30,490,"5,318",2003 Totals,"757,781",0,0,"28,308","11,974",0,341,"4,008","44,631","25,840,188",0,0,"962,394","530,683",0,"46,441","205,289","1,744,804"
2003,July,"95,296",0,0,"3,213",756,0,5,65,"4,039",2003 Totals,"757,781",0,0,"28,308","11,974",0,341,"4,008","44,631","25,840,188",0,0,"962,394","530,683",0,"46,441","205,289","1,744,804"
2003,August,"99,352",0,0,"3,645","1,096",0,15,282,"5,038",2003 Totals,"757,781",0,0,"28,308","11,974",0,341,"4,008","44,631","25,840,188",0,0,"962,394","530,683",0,"46,441","205,289","1,744,804"
2003,September,"99,639",0,0,"2,651","1,696",0,15,472,"4,834",2003 Totals,"757,781",0,0,"28,308","11,974",0,341,"4,008","44,631","25,840,188",0,0,"962,394","530,683",0,"46,441","205,289","1,744,804"
2003,October,"72,875",0,0,"2,467","1,934",0,34,751,"5,186",2003 Totals,"757,781",0,0,"28,308","11,974",0,341,"4,008","44,631","25,840,188",0,0,"962,394","530,683",0,"46,441","205,289","1,744,804"
2003,November,"21,343",0,0,751,504,0,8,0,"1,263",2003 Totals,"757,781",0,0,"28,308","11,974",0,341,"4,008","44,631","25,840,188",0,0,"962,394","530,683",0,"46,441","205,289","1,744,804"
2003,December,"12,283",0,0,211,125,0,4,0,340,2003 Totals,"757,781",0,0,"28,308","11,974",0,341,"4,008","44,631","25,840,188",0,0,"962,394","530,683",0,"46,441","205,289","1,744,804"
2004,January,"11,571",0,0,122,77,0,6,0,205,2004 Totals,"733,131",0,0,"29,524","13,616",0,378,"4,883","48,401","25,840,188",0,0,"962,394","530,683",0,"46,441","205,289","1,744,804"
2004,February,"11,378",0,0,168,142,0,0,0,310,2004 Totals,"733,131",0,0,"29,524","13,616",0,378,"4,883","48,401","25,840,188",0,0,"962,394","530,683",0,"46,441","205,289","1,744,804"
2004,March,"58,919",0,0,"3,227","1,121",0,78,342,"4,768",2004 Totals,"733,131",0,0,"29,524","13,616",0,378,"4,883","48,401","25,840,188",0,0,"962,394","530,683",0,"46,441","205,289","1,744,804"
2004,April,"79,069",0,0,"3,969","1,879",0,56,960,"6,864",2004 Totals,"733,131",0,0,"29,524","13,616",0,378,"4,883","48,401","25,840,188",0,0,"962,394","530,683",0,"46,441","205,289","1,744,804"
2004,May,"113,248",0,0,"3,856","1,785",0,86,756,"6,483",2004 Totals,"733,131",0,0,"29,524","13,616",0,378,"4,883","48,401","25,840,188",0,0,"962,394","530,683",0,"46,441","205,289","1,744,804"
2004,June,"94,638",0,0,"3,964","1,434",0,36,819,"6,253",2004 Totals,"733,131",0,0,"29,524","13,616",0,378,"4,883","48,401","25,840,188",0,0,"962,394","530,683",0,"46,441","205,289","1,744,804"
2004,July,"93,569",0,0,"4,204","1,218",0,33,598,"6,053",2004 Totals,"733,131",0,0,"29,524","13,616",0,378,"4,883","48,401","25,840,188",0,0,"962,394","530,683",0,"46,441","205,289","1,744,804"
2004,August,"83,585",0,0,"3,553","1,382",0,34,272,"5,241",2004 Totals,"733,131",0,0,"29,524","13,616",0,378,"4,883","48,401","25,840,188",0,0,"962,394","530,683",0,"46,441","205,289","1,744,804"
2004,September,"95,276",0,0,"2,746","1,998",0,29,510,"5,283",2004 Totals,"733,131",0,0,"29,524","13,616",0,378,"4,883","48,401","25,840,188",0,0,"962,394","530,683",0,"46,441","205,289","1,744,804"
2004,October,"58,743",0,0,"2,940","1,961",0,20,626,"5,547",2004 Totals,"733,131",0,0,"29,524","13,616",0,378,"4,883","48,401","25,840,188",0,0,"962,394","530,683",0,"46,441","205,289","1,744,804"
2004,November,"21,208",0,0,614,492,0,0,0,"1,106",2004 Totals,"733,131",0,0,"29,524","13,616",0,378,"4,883","48,401","25,840,188",0,0,"962,394","530,683",0,"46,441","205,289","1,744,804"
2004,December,"11,927",0,0,161,127,0,0,0,288,2004 Totals,"733,131",0,0,"29,524","13,616",0,378,"4,883","48,401","25,840,188",0,0,"962,394","530,683",0,"46,441","205,289","1,744,804"
2005,January,"9,894",0,0,214,156,0,0,0,370,2005 Totals,"781,670",0,0,"32,040","14,380",0,471,"5,697","52,588","25,840,188",0,0,"962,394","530,683",0,"46,441","205,289","1,744,804"
2005,February,"16,168",0,0,302,139,0,5,0,446,2005 Totals,"781,670",0,0,"32,040","14,380",0,471,"5,697","52,588","25,840,188",0,0,"962,394","530,683",0,"46,441","205,289","1,744,804"
2005,March,"62,843",0,0,"3,829","1,369",0,50,570,"5,818",2005 Totals,"781,670",0,0,"32,040","14,380",0,471,"5,697","52,588","25,840,188",0,0,"962,394","530,683",0,"46,441","205,289","1,744,804"
2005,April,"71,709",0,0,"4,442","2,087",0,42,856,"7,427",2005 Totals,"781,670",0,0,"32,040","14,380",0,471,"5,697","52,588","25,840,188",0,0,"962,394","530,683",0,"46,441","205,289","1,744,804"
2005,May,"111,718",0,0,"4,776","1,731",0,138,"1,021","7,666",2005 Totals,"781,670",0,0,"32,040","14,380",0,471,"5,697","52,588","25,840,188",0,0,"962,394","530,683",0,"46,441","205,289","1,744,804"
2005,June,"110,517",0,0,"4,377","1,561",0,41,955,"6,934",2005 Totals,"781,670",0,0,"32,040","14,380",0,471,"5,697","52,588","25,840,188",0,0,"962,394","530,683",0,"46,441","205,289","1,744,804"
2005,July,"106,555",0,0,"3,899","1,436",0,21,833,"6,189",2005 Totals,"781,670",0,0,"32,040","14,380",0,471,"5,697","52,588","25,840,188",0,0,"962,394","530,683",0,"46,441","205,289","1,744,804"
2005,August,"103,403",0,0,"2,948","1,609",0,22,251,"4,830",2005 Totals,"781,670",0,0,"32,040","14,380",0,471,"5,697","52,588","25,840,188",0,0,"962,394","530,683",0,"46,441","205,289","1,744,804"
2005,September,"88,218",0,0,"3,151","1,796",0,38,776,"5,761",2005 Totals,"781,670",0,0,"32,040","14,380",0,471,"5,697","52,588","25,840,188",0,0,"962,394","530,683",0,"46,441","205,289","1,744,804"
2005,October,"63,626",0,0,"2,993","1,697",0,83,433,"5,206",2005 Totals,"781,670",0,0,"32,040","14,380",0,471,"5,697","52,588","25,840,188",0,0,"962,394","530,683",0,"46,441","205,289","1,744,804"
2005,November,"23,813",0,0,912,655,0,20,2,"1,589",2005 Totals,"781,670",0,0,"32,040","14,380",0,471,"5,697","52,588","25,840,188",0,0,"962,394","530,683",0,"46,441","205,289","1,744,804"
2005,December,"13,206",0,0,197,144,0,11,0,352,2005 Totals,"781,670",0,0,"32,040","14,380",0,471,"5,697","52,588","25,840,188",0,0,"962,394","530,683",0,"46,441","205,289","1,744,804"
2006,January,"12,841",0,0,206,74,0,12,0,292,2006 Totals,"833,049",0,0,"30,090","15,454",0,286,"6,025","51,855","25,840,188",0,0,"962,394","530,683",0,"46,441","205,289","1,744,804"
2006,February,"20,728",0,0,223,228,0,1,22,474,2006 Totals,"833,049",0,0,"30,090","15,454",0,286,"6,025","51,855","25,840,188",0,0,"962,394","530,683",0,"46,441","205,289","1,744,804"
2006,March,"67,550",0,0,"3,394","1,253",0,71,723,"5,441",2006 Totals,"833,049",0,0,"30,090","15,454",0,286,"6,025","51,855","25,840,188",0,0,"962,394","530,683",0,"46,441","205,289","1,744,804"
2006,April,"84,244",0,0,"3,748","2,222",0,27,738,"6,735",2006 Totals,"833,049",0,0,"30,090","15,454",0,286,"6,025","51,855","25,840,188",0,0,"962,394","530,683",0,"46,441","205,289","1,744,804"
2006,May,"110,564",0,0,"4,061","2,152",0,69,"1,007","7,289",2006 Totals,"833,049",0,0,"30,090","15,454",0,286,"6,025","51,855","25,840,188",0,0,"962,394","530,683",0,"46,441","205,289","1,744,804"
2006,June,"102,061",0,0,"4,212","1,580",0,3,"1,011","6,806",2006 Totals,"833,049",0,0,"30,090","15,454",0,286,"6,025","51,855","25,840,188",0,0,"962,394","530,683",0,"46,441","205,289","1,744,804"
2006,July,"101,297",0,0,"3,440","1,539",0,13,817,"5,809",2006 Totals,"833,049",0,0,"30,090","15,454",0,286,"6,025","51,855","25,840,188",0,0,"962,394","530,683",0,"46,441","205,289","1,744,804"
2006,August,"107,176",0,0,"3,761","1,561",0,9,327,"5,658",2006 Totals,"833,049",0,0,"30,090","15,454",0,286,"6,025","51,855","25,840,188",0,0,"962,394","530,683",0,"46,441","205,289","1,744,804"
2006,September,"112,335",0,0,"3,389","2,246",0,19,669,"6,323",2006 Totals,"833,049",0,0,"30,090","15,454",0,286,"6,025","51,855","25,840,188",0,0,"962,394","530,683",0,"46,441","205,289","1,744,804"
2006,October,"72,615",0,0,"2,597","1,951",0,50,582,"5,180",2006 Totals,"833,049",0,0,"30,090","15,454",0,286,"6,025","51,855","25,840,188",0,0,"962,394","530,683",0,"46,441","205,289","1,744,804"
2006,November,"28,087",0,0,862,547,0,12,77,"1,498",2006 Totals,"833,049",0,0,"30,090","15,454",0,286,"6,025","51,855","25,840,188",0,0,"962,394","530,683",0,"46,441","205,289","1,744,804"
2006,December,"13,551",0,0,197,101,0,0,52,350,2006 Totals,"833,049",0,0,"30,090","15,454",0,286,"6,025","51,855","25,840,188",0,0,"962,394","530,683",0,"46,441","205,289","1,744,804"
2007,January,"10,681",0,0,110,79,0,2,0,191,2007 Totals,"860,181",0,0,"29,023","15,081",0,277,"6,412","50,793","25,840,188",0,0,"962,394","530,683",0,"46,441","205,289","1,744,804"
2007,February,"15,453",0,0,276,137,0,1,11,425,2007 Totals,"860,181",0,0,"29,023","15,081",0,277,"6,412","50,793","25,840,188",0,0,"962,394","530,683",0,"46,441","205,289","1,744,804"
2007,March,"63,618",0,0,"3,893","1,374",0,46,699,"6,012",2007 Totals,"860,181",0,0,"29,023","15,081",0,277,"6,412","50,793","25,840,188",0,0,"962,394","530,683",0,"46,441","205,289","1,744,804"
2007,April,"90,031",0,0,"4,196","2,184",0,72,"1,108","7,560",2007 Totals,"860,181",0,0,"29,023","15,081",0,277,"6,412","50,793","25,840,188",0,0,"962,394","530,683",0,"46,441","205,289","1,744,804"
2007,May,"111,652",0,0,"4,199","1,901",0,69,"1,114","7,283",2007 Totals,"860,181",0,0,"29,023","15,081",0,277,"6,412","50,793","25,840,188",0,0,"962,394","530,683",0,"46,441","205,289","1,744,804"
2007,June,"109,027",0,0,"3,804","1,642",0,8,841,"6,295",2007 Totals,"860,181",0,0,"29,023","15,081",0,277,"6,412","50,793","25,840,188",0,0,"962,394","530,683",0,"46,441","205,289","1,744,804"
2007,July,"112,167",0,0,"3,540","1,472",0,23,904,"5,939",2007 Totals,"860,181",0,0,"29,023","15,081",0,277,"6,412","50,793","25,840,188",0,0,"962,394","530,683",0,"46,441","205,289","1,744,804"
2007,August,"106,047",0,0,"2,757","1,698",0,3,401,"4,859",2007 Totals,"860,181",0,0,"29,023","15,081",0,277,"6,412","50,793","25,840,188",0,0,"962,394","530,683",0,"46,441","205,289","1,744,804"
2007,September,"120,301",0,0,"2,660","1,709",0,3,706,"5,078",2007 Totals,"860,181",0,0,"29,023","15,081",0,277,"6,412","50,793","25,840,188",0,0,"962,394","530,683",0,"46,441","205,289","1,744,804"
2007,October,"77,963",0,0,"2,206","2,119",0,45,473,"4,843",2007 Totals,"860,181",0,0,"29,023","15,081",0,277,"6,412","50,793","25,840,188",0,0,"962,394","530,683",0,"46,441","205,289","1,744,804"
2007,November,"30,536",0,0,"1,219",660,0,5,155,"2,039",2007 Totals,"860,181",0,0,"29,023","15,081",0,277,"6,412","50,793","25,840,188",0,0,"962,394","530,683",0,"46,441","205,289","1,744,804"
2007,December,"12,705",0,0,163,106,0,0,0,269,2007 Totals,"860,181",0,0,"29,023","15,081",0,277,"6,412","50,793","25,840,188",0,0,"962,394","530,683",0,"46,441","205,289","1,744,804"
2008,January,"9,095",0,0,70,36,0,2,0,108,2008 Totals,"928,795",0,0,"29,299","14,595",0,366,"6,595","50,855","25,840,188",0,0,"962,394","530,683",0,"46,441","205,289","1,744,804"
2008,February,"13,435",0,0,250,142,0,9,0,401,2008 Totals,"928,795",0,0,"29,299","14,595",0,366,"6,595","50,855","25,840,188",0,0,"962,394","530,683",0,"46,441","205,289","1,744,804"
2008,March,"66,408",0,0,"3,578","1,396",0,31,539,"5,544",2008 Totals,"928,795",0,0,"29,299","14,595",0,366,"6,595","50,855","25,840,188",0,0,"962,394","530,683",0,"46,441","205,289","1,744,804"
2008,April,"83,695",0,0,"3,945","2,055",0,45,"1,011","7,056",2008 Totals,"928,795",0,0,"29,299","14,595",0,366,"6,595","50,855","25,840,188",0,0,"962,394","530,683",0,"46,441","205,289","1,744,804"
2008,May,"133,195",0,0,"4,328","1,868",0,106,"1,009","7,311",2008 Totals,"928,795",0,0,"29,299","14,595",0,366,"6,595","50,855","25,840,188",0,0,"962,394","530,683",0,"46,441","205,289","1,744,804"
2008,June,"124,451",0,0,"3,337","1,229",0,68,964,"5,598",2008 Totals,"928,795",0,0,"29,299","14,595",0,366,"6,595","50,855","25,840,188",0,0,"962,394","530,683",0,"46,441","205,289","1,744,804"
2008,July,"121,038",0,0,"2,965","1,485",0,14,724,"5,188",2008 Totals,"928,795",0,0,"29,299","14,595",0,366,"6,595","50,855","25,840,188",0,0,"962,394","530,683",0,"46,441","205,289","1,744,804"
2008,August,"129,843",0,0,"3,159","1,804",0,43,590,"5,596",2008 Totals,"928,795",0,0,"29,299","14,595",0,366,"6,595","50,855","25,840,188",0,0,"962,394","530,683",0,"46,441","205,289","1,744,804"
2008,September,"124,268",0,0,"3,866","1,820",0,10,"1,087","6,783",2008 Totals,"928,795",0,0,"29,299","14,595",0,366,"6,595","50,855","25,840,188",0,0,"962,394","530,683",0,"46,441","205,289","1,744,804"
2008,October,"80,194",0,0,"2,484","2,009",0,33,633,"5,159",2008 Totals,"928,795",0,0,"29,299","14,595",0,366,"6,595","50,855","25,840,188",0,0,"962,394","530,683",0,"46,441","205,289","1,744,804"
2008,November,"29,604",0,0,"1,118",643,0,3,33,"1,797",2008 Totals,"928,795",0,0,"29,299","14,595",0,366,"6,595","50,855","25,840,188",0,0,"962,394","530,683",0,"46,441","205,289","1,744,804"
2008,December,"13,569",0,0,199,108,0,2,5,314,2008 Totals,"928,795",0,0,"29,299","14,595",0,366,"6,595","50,855","25,840,188",0,0,"962,394","530,683",0,"46,441","205,289","1,744,804"
2009,January,"11,684",0,0,180,74,0,2,0,256,2009 Totals,"996,312",0,0,"30,542","16,411",0,808,"6,513","54,274","25,840,188",0,0,"962,394","530,683",0,"46,441","205,289","1,744,804"
2009,February,"15,488",0,0,274,154,0,12,0,440,2009 Totals,"996,312",0,0,"30,542","16,411",0,808,"6,513","54,274","25,840,188",0,0,"962,394","530,683",0,"46,441","205,289","1,744,804"
2009,March,"66,898",0,0,"3,378","1,393",0,101,460,"5,332",2009 Totals,"996,312",0,0,"30,542","16,411",0,808,"6,513","54,274","25,840,188",0,0,"962,394","530,683",0,"46,441","205,289","1,744,804"
2009,April,"91,114",0,0,"3,559","2,203",0,152,731,"6,645",2009 Totals,"996,312",0,0,"30,542","16,411",0,808,"6,513","54,274","25,840,188",0,0,"962,394","530,683",0,"46,441","205,289","1,744,804"
2009,May,"139,332",0,0,"4,115","2,147",0,173,"1,091","7,526",2009 Totals,"996,312",0,0,"30,542","16,411",0,808,"6,513","54,274","25,840,188",0,0,"962,394","530,683",0,"46,441","205,289","1,744,804"
2009,June,"140,161",0,0,"4,571","1,731",0,116,"1,069","7,487",2009 Totals,"996,312",0,0,"30,542","16,411",0,808,"6,513","54,274","25,840,188",0,0,"962,394","530,683",0,"46,441","205,289","1,744,804"
2009,July,"133,854",0,0,"3,839","1,825",0,48,912,"6,624",2009 Totals,"996,312",0,0,"30,542","16,411",0,808,"6,513","54,274","25,840,188",0,0,"962,394","530,683",0,"46,441","205,289","1,744,804"
2009,August,"133,880",0,0,"3,402","1,828",0,60,549,"5,839",2009 Totals,"996,312",0,0,"30,542","16,411",0,808,"6,513","54,274","25,840,188",0,0,"962,394","530,683",0,"46,441","205,289","1,744,804"
2009,September,"131,913",0,0,"3,132","2,276",0,46,749,"6,203",2009 Totals,"996,312",0,0,"30,542","16,411",0,808,"6,513","54,274","25,840,188",0,0,"962,394","530,683",0,"46,441","205,289","1,744,804"
2009,October,"86,601",0,0,"2,594","1,906",0,75,769,"5,344",2009 Totals,"996,312",0,0,"30,542","16,411",0,808,"6,513","54,274","25,840,188",0,0,"962,394","530,683",0,"46,441","205,289","1,744,804"
2009,November,"31,714",0,0,"1,366",797,0,23,183,"2,369",2009 Totals,"996,312",0,0,"30,542","16,411",0,808,"6,513","54,274","25,840,188",0,0,"962,394","530,683",0,"46,441","205,289","1,744,804"
2009,December,"13,673",0,0,132,77,0,0,0,209,2009 Totals,"996,312",0,0,"30,542","16,411",0,808,"6,513","54,274","25,840,188",0,0,"962,394","530,683",0,"46,441","205,289","1,744,804"
2010,January,"8,713",0,0,96,31,0,1,0,128,2010 Totals,"1,014,405",0,0,"23,616","15,478",0,923,"7,095","47,112","25,840,188",0,0,"962,394","530,683",0,"46,441","205,289","1,744,804"
2010,February,"11,746",0,0,163,79,0,5,25,272,2010 Totals,"1,014,405",0,0,"23,616","15,478",0,923,"7,095","47,112","25,840,188",0,0,"962,394","530,683",0,"46,441","205,289","1,744,804"
2010,March,"57,623",0,0,"2,425","1,050",0,105,522,"4,102",2010 Totals,"1,014,405",0,0,"23,616","15,478",0,923,"7,095","47,112","25,840,188",0,0,"962,394","530,683",0,"46,441","205,289","1,744,804"
2010,April,"93,999",0,0,"2,614","2,133",0,198,691,"5,636",2010 Totals,"1,014,405",0,0,"23,616","15,478",0,923,"7,095","47,112","25,840,188",0,0,"962,394","530,683",0,"46,441","205,289","1,744,804"
2010,May,"135,670",0,0,"2,908","1,971",0,213,845,"5,937",2010 Totals,"1,014,405",0,0,"23,616","15,478",0,923,"7,095","47,112","25,840,188",0,0,"962,394","530,683",0,"46,441","205,289","1,744,804"
2010,June,"151,209",0,0,"2,859","1,733",0,141,"1,353","6,086",2010 Totals,"1,014,405",0,0,"23,616","15,478",0,923,"7,095","47,112","25,840,188",0,0,"962,394","530,683",0,"46,441","205,289","1,744,804"
2010,July,"145,489",0,0,"2,994","1,890",0,56,"1,000","5,940",2010 Totals,"1,014,405",0,0,"23,616","15,478",0,923,"7,095","47,112","25,840,188",0,0,"962,394","530,683",0,"46,441","205,289","1,744,804"
2010,August,"139,304",0,0,"2,635","1,793",0,46,771,"5,245",2010 Totals,"1,014,405",0,0,"23,616","15,478",0,923,"7,095","47,112","25,840,188",0,0,"962,394","530,683",0,"46,441","205,289","1,744,804"
2010,September,"138,442",0,0,"2,684","2,030",0,66,998,"5,778",2010 Totals,"1,014,405",0,0,"23,616","15,478",0,923,"7,095","47,112","25,840,188",0,0,"962,394","530,683",0,"46,441","205,289","1,744,804"
2010,October,"89,929",0,0,"2,978","1,949",0,69,796,"5,792",2010 Totals,"1,014,405",0,0,"23,616","15,478",0,923,"7,095","47,112","25,840,188",0,0,"962,394","530,683",0,"46,441","205,289","1,744,804"
2010,November,"29,343",0,0,890,706,0,14,94,"1,704",2010 Totals,"1,014,405",0,0,"23,616","15,478",0,923,"7,095","47,112","25,840,188",0,0,"962,394","530,683",0,"46,441","205,289","1,744,804"
2010,December,"12,938",0,0,370,113,0,9,0,492,2010 Totals,"1,014,405",0,0,"23,616","15,478",0,923,"7,095","47,112","25,840,188",0,0,"962,394","530,683",0,"46,441","205,289","1,744,804"
2011,January,"10,182",0,0,132,46,0,1,0,179,2011 Totals,"1,040,758",0,0,"26,264","16,643",0,"1,192","6,816","50,915","25,840,188",0,0,"962,394","530,683",0,"46,441","205,289","1,744,804"
2011,February,"12,932",0,0,221,134,0,6,44,405,2011 Totals,"1,040,758",0,0,"26,264","16,643",0,"1,192","6,816","50,915","25,840,188",0,0,"962,394","530,683",0,"46,441","205,289","1,744,804"
2011,March,"61,950",0,0,"3,189","1,331",0,175,540,"5,235",2011 Totals,"1,040,758",0,0,"26,264","16,643",0,"1,192","6,816","50,915","25,840,188",0,0,"962,394","530,683",0,"46,441","205,289","1,744,804"
2011,April,"96,537",0,0,"2,711","2,425",0,112,817,"6,065",2011 Totals,"1,040,758",0,0,"26,264","16,643",0,"1,192","6,816","50,915","25,840,188",0,0,"962,394","530,683",0,"46,441","205,289","1,744,804"
2011,May,"142,251",0,0,"3,051","2,230",0,274,834,"6,389",2011 Totals,"1,040,758",0,0,"26,264","16,643",0,"1,192","6,816","50,915","25,840,188",0,0,"962,394","530,683",0,"46,441","205,289","1,744,804"
2011,June,"155,481",0,0,"3,197","1,858",0,202,"1,127","6,384",2011 Totals,"1,040,758",0,0,"26,264","16,643",0,"1,192","6,816","50,915","25,840,188",0,0,"962,394","530,683",0,"46,441","205,289","1,744,804"
2011,July,"147,426",0,0,"2,754","1,966",0,84,758,"5,562",2011 Totals,"1,040,758",0,0,"26,264","16,643",0,"1,192","6,816","50,915","25,840,188",0,0,"962,394","530,683",0,"46,441","205,289","1,744,804"
2011,August,"138,600",0,0,"3,362","1,696",0,92,856,"6,006",2011 Totals,"1,040,758",0,0,"26,264","16,643",0,"1,192","6,816","50,915","25,840,188",0,0,"962,394","530,683",0,"46,441","205,289","1,744,804"
2011,September,"136,246",0,0,"3,394","1,922",0,82,968,"6,366",2011 Totals,"1,040,758",0,0,"26,264","16,643",0,"1,192","6,816","50,915","25,840,188",0,0,"962,394","530,683",0,"46,441","205,289","1,744,804"
2011,October,"92,728",0,0,"2,729","2,143",0,124,820,"5,816",2011 Totals,"1,040,758",0,0,"26,264","16,643",0,"1,192","6,816","50,915","25,840,188",0,0,"962,394","530,683",0,"46,441","205,289","1,744,804"
2011,November,"30,863",0,0,"1,034",650,0,28,52,"1,764",2011 Totals,"1,040,758",0,0,"26,264","16,643",0,"1,192","6,816","50,915","25,840,188",0,0,"962,394","530,683",0,"46,441","205,289","1,744,804"
2011,December,"15,562",0,0,490,242,0,12,0,744,2011 Totals,"1,040,758",0,0,"26,264","16,643",0,"1,192","6,816","50,915","25,840,188",0,0,"962,394","530,683",0,"46,441","205,289","1,744,804"
2012,January,"14,961",0,0,266,96,0,28,22,412,2012 Totals,"1,070,577",0,0,"27,002","14,742",0,851,"6,832","49,427","25,840,188",0,0,"962,394","530,683",0,"46,441","205,289","1,744,804"
2012,February,"17,870",0,0,146,89,0,28,0,263,2012 Totals,"1,070,577",0,0,"27,002","14,742",0,851,"6,832","49,427","25,840,188",0,0,"962,394","530,683",0,"46,441","205,289","1,744,804"
2012,March,"72,273",0,0,"2,600","1,180",0,183,410,"4,373",2012 Totals,"1,070,577",0,0,"27,002","14,742",0,851,"6,832","49,427","25,840,188",0,0,"962,394","530,683",0,"46,441","205,289","1,744,804"
2012,April,"103,800",0,0,"3,229","2,187",0,109,787,"6,312",2012 Totals,"1,070,577",0,0,"27,002","14,742",0,851,"6,832","49,427","25,840,188",0,0,"962,394","530,683",0,"46,441","205,289","1,744,804"
2012,May,"142,876",0,0,"3,910","2,165",0,156,"1,145","7,376",2012 Totals,"1,070,577",0,0,"27,002","14,742",0,851,"6,832","49,427","25,840,188",0,0,"962,394","530,683",0,"46,441","205,289","1,744,804"
2012,June,"143,482",0,0,"3,929","1,520",0,74,"1,223","6,746",2012 Totals,"1,070,577",0,0,"27,002","14,742",0,851,"6,832","49,427","25,840,188",0,0,"962,394","530,683",0,"46,441","205,289","1,744,804"
2012,July,"145,696",0,0,"2,670","1,561",0,42,835,"5,108",2012 Totals,"1,070,577",0,0,"27,002","14,742",0,851,"6,832","49,427","25,840,188",0,0,"962,394","530,683",0,"46,441","205,289","1,744,804"
2012,August,"139,036",0,0,"2,222","1,466",0,68,654,"4,410",2012 Totals,"1,070,577",0,0,"27,002","14,742",0,851,"6,832","49,427","25,840,188",0,0,"962,394","530,683",0,"46,441","205,289","1,744,804"
2012,September,"139,801",0,0,"3,818","1,777",0,78,703,"6,376",2012 Totals,"1,070,577",0,0,"27,002","14,742",0,851,"6,832","49,427","25,840,188",0,0,"962,394","530,683",0,"46,441","205,289","1,744,804"
2012,October,"96,310",0,0,"2,926","1,774",0,70,916,"5,686",2012 Totals,"1,070,577",0,0,"27,002","14,742",0,851,"6,832","49,427","25,840,188",0,0,"962,394","530,683",0,"46,441","205,289","1,744,804"
2012,November,"36,170",0,0,"1,068",814,0,15,137,"2,034",2012 Totals,"1,070,577",0,0,"27,002","14,742",0,851,"6,832","49,427","25,840,188",0,0,"962,394","530,683",0,"46,441","205,289","1,744,804"
2012,December,"18,302",0,0,218,113,0,0,0,331,2012 Totals,"1,070,577",0,0,"27,002","14,742",0,851,"6,832","49,427","25,840,188",0,0,"962,394","530,683",0,"46,441","205,289","1,744,804"
2013,January,"11,099",0,0,110,26,0,4,0,141,2013 Totals,"1,082,866",0,0,"27,705","14,431",0,953,"6,241","49,330","25,840,188",0,0,"962,394","530,683",0,"46,441","205,289","1,744,804"
2013,February,"16,426",0,0,82,26,0,0,0,108,2013 Totals,"1,082,866",0,0,"27,705","14,431",0,953,"6,241","49,330","25,840,188",0,0,"962,394","530,683",0,"46,441","205,289","1,744,804"
2013,March,"73,935",0,0,"3,756","1,310",0,143,745,"5,953",2013 Totals,"1,082,866",0,0,"27,705","14,431",0,953,"6,241","49,330","25,840,188",0,0,"962,394","530,683",0,"46,441","205,289","1,744,804"
2013,April,"108,086",0,0,"3,202","2,022",0,170,686,"6,080",2013 Totals,"1,082,866",0,0,"27,705","14,431",0,953,"6,241","49,330","25,840,188",0,0,"962,394","530,683",0,"46,441","205,289","1,744,804"
2013,May,"149,321",0,0,"3,726","2,195",0,231,960,"7,112",2013 Totals,"1,082,866",0,0,"27,705","14,431",0,953,"6,241","49,330","25,840,188",0,0,"962,394","530,683",0,"46,441","205,289","1,744,804"
2013,June,"154,505",0,0,"3,510","1,787",0,100,913,"6,310",2013 Totals,"1,082,866",0,0,"27,705","14,431",0,953,"6,241","49,330","25,840,188",0,0,"962,394","530,683",0,"46,441","205,289","1,744,804"
2013,July,"156,182",0,0,"2,670","1,561",0,42,947,"5,220",2013 Totals,"1,082,866",0,0,"27,705","14,431",0,953,"6,241","49,330","25,840,188",0,0,"962,394","530,683",0,"46,441","205,289","1,744,804"
2013,August,"147,259",0,0,"3,129","1,606",0,117,784,"5,637",2013 Totals,"1,082,866",0,0,"27,705","14,431",0,953,"6,241","49,330","25,840,188",0,0,"962,394","530,683",0,"46,441","205,289","1,744,804"
2013,September,"143,755",0,0,"3,845","1,804",0,77,713,"6,438",2013 Totals,"1,082,866",0,0,"27,705","14,431",0,953,"6,241","49,330","25,840,188",0,0,"962,394","530,683",0,"46,441","205,289","1,744,804"
2013,October,"57,446",0,0,"2,117","1,154",0,34,395,"3,700",2013 Totals,"1,082,866",0,0,"27,705","14,431",0,953,"6,241","49,330","25,840,188",0,0,"962,394","530,683",0,"46,441","205,289","1,744,804"
2013,November,"43,928",0,0,"1,409",842,0,33,98,"2,382",2013 Totals,"1,082,866",0,0,"27,705","14,431",0,953,"6,241","49,330","25,840,188",0,0,"962,394","530,683",0,"46,441","205,289","1,744,804"
2013,December,"20,924",0,0,149,98,0,2,0,249,2013 Totals,"1,082,866",0,0,"27,705","14,431",0,953,"6,241","49,330","25,840,188",0,0,"962,394","530,683",0,"46,441","205,289","1,744,804"
2014,January,"17,038",0,0,101,36,0,1,0,138,2014 Totals,"1,284,767",0,0,"25,252","15,436",0,"1,211","6,085","47,981","25,840,188",0,0,"962,394","530,683",0,"46,441","205,289","1,744,804"
2014,February,"22,559",0,0,473,353,0,0,0,826,2014 Totals,"1,284,767",0,0,"25,252","15,436",0,"1,211","6,085","47,981","25,840,188",0,0,"962,394","530,683",0,"46,441","205,289","1,744,804"
2014,March,"89,841",0,0,"3,726","1,156",0,220,532,"5,634",2014 Totals,"1,284,767",0,0,"25,252","15,436",0,"1,211","6,085","47,981","25,840,188",0,0,"962,394","530,683",0,"46,441","205,289","1,744,804"
2014,April,"122,186",0,0,"3,205","1,966",0,155,971,"6,296",2014 Totals,"1,284,767",0,0,"25,252","15,436",0,"1,211","6,085","47,981","25,840,188",0,0,"962,394","530,683",0,"46,441","205,289","1,744,804"
2014,May,"165,379",0,0,"3,721","2,217",0,235,"1,000","7,172",2014 Totals,"1,284,767",0,0,"25,252","15,436",0,"1,211","6,085","47,981","25,840,188",0,0,"962,394","530,683",0,"46,441","205,289","1,744,804"
2014,June,"170,286",0,0,"3,521","1,790",0,118,921,"6,350",2014 Totals,"1,284,767",0,0,"25,252","15,436",0,"1,211","6,085","47,981","25,840,188",0,0,"962,394","530,683",0,"46,441","205,289","1,744,804"
2014,July,"169,844",0,0,"2,684","1,588",0,126,727,"5,124",2014 Totals,"1,284,767",0,0,"25,252","15,436",0,"1,211","6,085","47,981","25,840,188",0,0,"962,394","530,683",0,"46,441","205,289","1,744,804"
2014,August,"173,416",0,0,"2,265","1,488",0,121,669,"4,543",2014 Totals,"1,284,767",0,0,"25,252","15,436",0,"1,211","6,085","47,981","25,840,188",0,0,"962,394","530,683",0,"46,441","205,289","1,744,804"
2014,September,"165,222",0,0,"1,450","2,257",0,75,570,"4,352",2014 Totals,"1,284,767",0,0,"25,252","15,436",0,"1,211","6,085","47,981","25,840,188",0,0,"962,394","530,683",0,"46,441","205,289","1,744,804"
2014,October,"115,545",0,0,"2,400","1,572",0,108,492,"4,572",2014 Totals,"1,284,767",0,0,"25,252","15,436",0,"1,211","6,085","47,981","25,840,188",0,0,"962,394","530,683",0,"46,441","205,289","1,744,804"
2014,November,"46,940",0,0,"1,368",859,0,41,119,"2,387",2014 Totals,"1,284,767",0,0,"25,252","15,436",0,"1,211","6,085","47,981","25,840,188",0,0,"962,394","530,683",0,"46,441","205,289","1,744,804"
2014,December,"26,511",0,0,338,154,0,11,84,587,2014 Totals,"1,284,767",0,0,"25,252","15,436",0,"1,211","6,085","47,981","25,840,188",0,0,"962,394","530,683",0,"46,441","205,289","1,744,804"

